EMPLOYEE_ID,FIRST_NAME,LAST_NAME,EMAIL,PHONE,HIRE_DATE,MANAGER_ID,JOB_TITLE
600,Sofia,Powell,annabelle.dunn@example.com,011.44.1343.929268,2016-12-19 00:00:00,820,Shipping Clerk
601,Jude,Myers,isla.graham@example.com,650.509.4876,2016-10-15 00:00:00,821,Stock Clerk
602,Abigail,Bennett,ellibrooks@example.com,011.44.1345.629268,2016-05-23 00:00:00,968,Stock Clerk
603,Charles,Bailey,alice.wells@example.com,650.121.2019,2016-08-20 00:00:00,670,Shipping Clerk
604,Bobby,Foster,caleb.diaz@example.com,650.121.2004,2016-02-03 00:00:00,771,Programmer
605,Thea,Tucker,felix.bryant@example.com,011.44.1344.619268,2016-08-16 00:00:00,680,Shipping Clerk
606,Ryan,Fisher,sofia.hicks@example.com,650.505.4876,2016-07-09 00:00:00,994,Programmer
607,Florence,Long,sofia.hicks@example.com,650.127.1834,2016-08-01 00:00:00,784,Shipping Clerk
608,Layla,Spencer,olivia.ford@example.com,650.505.2876,2016-02-23 00:00:00,911,Stock Clerk
609,Chloe,Torres,abigail.palmer@example.com,011.44.1644.429262,2016-05-23 00:00:00,797,Purchasing Manager
610,Kai,Gonzales,molly.rice@example.com,515.124.4469,2016-07-18 00:00:00,644,Stock Manager
611,Aaron,Butler,ronnie.perry@example.com,650.121.2994,2016-04-21 00:00:00,714,Stock Clerk
612,Lilly,Gardner,rory.kelly@example.com,650.509.1876,2016-01-24 00:00:00,639,Sales Representative
613,Aaron,Wood,daisy.ortiz@example.com,011.44.1644.429267,2016-05-21 00:00:00,825,Stock Clerk
614,Evie,Washington,mohammad.peterson@example.com,650.121.2004,2016-06-07 00:00:00,811,Shipping Clerk
615,Lola,Cruz,lily.fisher@example.com,011.44.1644.429266,2016-07-18 00:00:00,641,Stock Clerk
616,Charlotte,Bailey,felix.bryant@example.com,650.123.4234,2016-09-17 00:00:00,663,Shipping Clerk
617,Charlotte,Henry,hannah.knight@example.com,011.44.1344.478968,2016-06-25 00:00:00,975,Purchasing Manager
618,Sofia,Hawkins,ivy.burns@example.com,650.124.7234,2016-11-16 00:00:00,707,Sales Representative
619,Amber,Gibson,tommy.bailey@example.com,650.501.1876,2016-03-07 00:00:00,891,Stock Clerk
620,Jaxon,Alexander,esme.warren@example.com,650.507.9877,2016-11-23 00:00:00,750,Sales Representative
621,Evelyn,Kelly,evelyn.tucker@example.com,515.123.8181,2016-03-07 00:00:00,734,Stock Clerk
622,Gabriel,Hunter,abigail.palmer@example.com,011.44.1343.329268,2016-08-16 00:00:00,641,Sales Representative
623,Roman,Burns,erin.gordon@example.com,515.124.4169,2016-06-17 00:00:00,976,Programmer
624,Mia,Butler,ella.wallace@example.com,650.505.3876,2016-02-20 00:00:00,857,Stock Clerk
625,Jasmine,Reynolds,leon.powell@example.com,515.123.8181,2016-01-03 00:00:00,879,Human Resources Representative
626,Lilly,Flores,daisy.ortiz@example.com,011.44.1345.729268,2016-04-10 00:00:00,720,Human Resources Representative
627,Gabriel,Murray,lilly.daniels@example.com,515.124.4369,2016-10-01 00:00:00,868,Sales Manager
628,Sophie,Bryant,thea.hawkins@example.com,515.124.4269,2016-08-20 00:00:00,868,Programmer
629,Alex,Sanders,jude.rivera@example.com,650.509.4876,2016-01-24 00:00:00,656,Sales Representative
630,Dexter,Cooper,mohammad.peterson@example.com,650.507.9833,2016-02-20 00:00:00,940,Shipping Clerk
631,Lily,Richardson,sienna.simpson@example.com,650.124.6234,2016-03-03 00:00:00,844,Shipping Clerk
632,Reggie,Myers,ava.sullivan@example.com,011.44.1344.987668,2016-05-23 00:00:00,917,Stock Manager
633,Roman,Alexander,elsie.henry@example.com,650.127.1934,2016-08-16 00:00:00,983,Shipping Clerk
634,Molly,Torres,esme.warren@example.com,650.127.1634,2016-07-09 00:00:00,849,Shipping Clerk
635,Maya,Owens,reggie.simmons@example.com,011.44.1344.429278,2016-07-18 00:00:00,611,Stock Clerk
636,Ava,Powell,callum.jenkins@example.com,650.121.2874,2016-08-20 00:00:00,728,Shipping Clerk
637,Layla,Cruz,abigail.palmer@example.com,515.124.4169,2016-08-20 00:00:00,721,Stock Clerk
638,Callum,Kelly,jasmine.hunt@example.com,515.124.4269,2016-04-23 00:00:00,939,Sales Representative
639,Gabriel,Hicks,ivy.burns@example.com,515.127.4561,2016-01-13 00:00:00,928,Sales Representative
640,Aaron,Henderson,charlotte.webb@example.com,011.44.1343.329268,2016-06-21 00:00:00,821,Shipping Clerk
641,Sophia,James,evie.harrison@example.com,650.121.2994,2016-01-27 00:00:00,866,Programmer
642,Leon,Hayes,bella.stone@example.com,650.507.9878,2016-01-03 00:00:00,947,Shipping Clerk
643,Harriet,Marshall,eva.porter@example.com,650.121.1834,2016-10-15 00:00:00,,President
644,Ava,Hayes,jaxon.ross@example.com,650.509.1876,2016-01-13 00:00:00,917,Public Accountant
645,Maya,Holmes,sonny.russell@example.com,650.505.3876,2016-05-01 00:00:00,709,Shipping Clerk
646,Amelia,Gardner,seth.foster@example.com,650.123.5234,2016-12-12 00:00:00,651,Sales Representative
647,Seth,Hughes,alice.wells@example.com,650.501.4876,2016-08-13 00:00:00,745,Shipping Clerk
648,Aaron,Holmes,sienna.simpson@example.com,650.505.3876,2016-06-21 00:00:00,945,Stock Clerk
649,Willow,Knight,rose.stephens@example.com,011.44.1344.478968,2016-06-07 00:00:00,630,Programmer
650,Emilia,Daniels,tommy.bailey@example.com,011.44.1344.987668,2016-10-17 00:00:00,656,Shipping Clerk
651,Ellis,Washington,aaron.patterson@example.com,011.44.1644.429262,2016-09-17 00:00:00,898,Stock Manager
652,Kai,Foster,jackson.coleman@example.com,650.509.4876,2016-11-11 00:00:00,605,Shipping Clerk
653,Jessica,Kennedy,sophia.reynolds@example.com,650.124.6234,2016-07-18 00:00:00,634,Stock Clerk
654,Amber,Ramos,layla.mason@example.com,650.501.2876,2016-02-23 00:00:00,705,Sales Representative
655,Grace,Woods,jackson.coleman@example.com,650.123.2234,2016-02-03 00:00:00,970,Sales Representative
656,Tyler,Gardner,louis.wood@example.com,650.121.2019,2016-03-17 00:00:00,663,Stock Manager
657,Molly,Dunn,freya.gomez@example.com,650.507.9877,2016-05-18 00:00:00,997,Programmer
658,Connor,Boyd,tyler.ramirez@example.com,515.124.4369,2016-03-23 00:00:00,765,Sales Manager
659,Ryan,Stone,frederick.price@example.com,650.505.1876,2016-02-03 00:00:00,636,Stock Manager
660,Charles,Hawkins,louie.richardson@example.com,515.123.8181,2016-01-30 00:00:00,807,Purchasing Manager
661,Erin,Alexander,mohammad.peterson@example.com,011.44.1344.429018,2016-08-20 00:00:00,938,Sales Representative
662,Carter,Fisher,tyler.ramirez@example.com,650.124.6234,2016-04-23 00:00:00,709,Sales Manager
663,Alice,Coleman,emily.hamilton@example.com,650.507.9879,2016-01-30 00:00:00,846,Marketing Representative
664,Ivy,Wallace,grace.ellis@example.com,590.423.4560,2016-03-10 00:00:00,661,Sales Representative
665,Evie,Marshall,eva.porter@example.com,650.509.3876,2016-09-28 00:00:00,977,Sales Manager
666,Nathan,Hunter,alex.sanders@example.com,650.505.2876,2016-12-24 00:00:00,968,Stock Clerk
667,Molly,Hughes,hannah.knight@example.com,515.123.8181,2016-11-15 00:00:00,910,Shipping Clerk
668,Kai,Torres,aaron.patterson@example.com,011.44.1343.629268,2016-02-07 00:00:00,823,Stock Clerk
669,Emilia,Mcdonald,lucy.crawford@example.com,650.121.2034,2016-04-21 00:00:00,813,Sales Representative
670,Holly,Hudson,elliott.james@example.com,650.121.2994,2016-03-17 00:00:00,618,Sales Representative
671,Bobby,Burns,leon.powell@example.com,515.123.4568,2016-09-28 00:00:00,736,Sales Representative
672,Jaxon,Marshall,jackson.coleman@example.com,011.44.1344.345268,2016-08-20 00:00:00,634,Administration Vice President
673,Olivia,Cole,emma.perkins@example.com,011.44.1344.129268,2016-09-28 00:00:00,669,Stock Clerk
674,Hannah,Ward,jackson.coleman@example.com,011.44.1344.478968,2016-09-28 00:00:00,681,Shipping Clerk
675,Maisie,Cruz,thea.hawkins@example.com,011.44.1346.529268,2016-06-07 00:00:00,667,Shipping Clerk
676,Mohammad,Rose,ella.wallace@example.com,650.507.9822,2016-08-26 00:00:00,856,Programmer
677,Kai,Hawkins,maisie.nichols@example.com,515.127.4561,2016-02-12 00:00:00,695,Shipping Clerk
678,Summer,Ferguson,grace.ellis@example.com,515.123.5555,2016-04-21 00:00:00,889,Sales Representative
679,Emily,Ellis,esme.warren@example.com,011.44.1344.987668,2016-01-14 00:00:00,760,Shipping Clerk
680,Liam,Graham,charlotte.webb@example.com,650.124.1224,2016-04-24 00:00:00,616,Shipping Clerk
681,Elliot,James,molly.rice@example.com,650.124.1334,2016-10-17 00:00:00,933,Shipping Clerk
682,Tommy,Daniels,chloe.cruz@example.com,650.124.8234,2016-05-24 00:00:00,623,Purchasing Clerk
683,Ivy,Tucker,eva.porter@example.com,650.121.2034,2016-03-11 00:00:00,995,Purchasing Manager
684,Elliot,Long,bobby.torres@example.com,650.121.2004,2016-01-03 00:00:00,848,Purchasing Clerk
685,Scarlett,Simmons,emily.hamilton@example.com,515.123.4567,2016-08-17 00:00:00,874,Accountant
686,Caleb,Wallace,leon.powell@example.com,650.507.9877,2016-08-17 00:00:00,936,Programmer
687,Abigail,Shaw,isabella.cole@example.com,590.423.4569,2016-03-07 00:00:00,885,Shipping Clerk
688,Elsie,Hayes,poppy.jordan@example.com,011.44.1346.529268,2016-12-07 00:00:00,904,Stock Clerk
689,Rosie,Kennedy,harriet.ferguson@example.com,650.501.1876,2016-10-15 00:00:00,737,Programmer
690,Reggie,Wells,ivy.burns@example.com,650.124.1434,2016-08-16 00:00:00,972,Stock Clerk
691,Jude,Sullivan,carter.gonzales@example.com,011.44.1346.729268,2016-03-24 00:00:00,839,Stock Clerk
692,Harper,Marshall,ellis.washington@example.com,650.507.9879,2016-08-20 00:00:00,855,Shipping Clerk
693,Charles,Hughes,rory.kelly@example.com,515.124.4569,2016-02-23 00:00:00,943,Programmer
694,Roman,Hawkins,isabelle.marshall@example.com,650.505.4876,2016-08-16 00:00:00,994,Accountant
695,Lily,Burns,blake.cooper@example.com,590.423.4560,2016-03-10 00:00:00,897,Shipping Clerk
696,Callum,Coleman,jamie.butler@example.com,011.44.1343.529268,2016-03-10 00:00:00,754,Shipping Clerk
697,Rory,Murray,emma.perkins@example.com,650.509.3876,2016-09-30 00:00:00,949,Stock Clerk
698,Evelyn,Nichols,blake.cooper@example.com,590.423.5567,2016-03-08 00:00:00,978,Shipping Clerk
699,Tommy,Daniels,esme.warren@example.com,011.44.1346.529268,2016-09-28 00:00:00,749,Programmer
700,Holly,Patterson,jude.rivera@example.com,011.44.1343.629268,2016-01-30 00:00:00,926,Stock Clerk
701,Lola,Burns,maisie.nichols@example.com,650.501.4876,2016-08-20 00:00:00,835,Shipping Clerk
702,Ivy,Boyd,jessica.woods@example.com,650.123.2234,2016-07-18 00:00:00,637,Stock Clerk
703,Maisie,Grant,tommy.bailey@example.com,515.127.4565,2016-08-20 00:00:00,811,Shipping Clerk
704,Alice,Marshall,lucy.crawford@example.com,650.507.9811,2016-11-15 00:00:00,879,Stock Clerk
705,Isla,Rivera,jude.rivera@example.com,650.127.1634,2016-02-05 00:00:00,768,Human Resources Representative
706,Sophia,Griffin,poppy.jordan@example.com,515.127.4562,2016-08-17 00:00:00,836,Programmer
707,Hannah,Webb,ronnie.perry@example.com,011.44.1345.729268,2016-05-18 00:00:00,907,Stock Clerk
708,Ibrahim,Gordon,amelia.myers@example.com,011.44.1345.929268,2016-06-07 00:00:00,611,Sales Representative
709,Maisie,Peterson,sofia.hicks@example.com,590.423.4569,2016-02-04 00:00:00,602,Shipping Clerk
710,Jude,James,blake.cooper@example.com,515.124.4569,2016-01-04 00:00:00,778,Accountant
711,Gracie,Wells,emilia.holmes@example.com,011.44.1345.429268,2016-01-13 00:00:00,710,Stock Clerk
712,Gracie,Black,imogen.boyd@example.com,011.44.1344.498718,2016-02-23 00:00:00,649,Stock Clerk
713,Elliot,Nichols,ellie.robertson@example.com,515.127.4565,2016-08-20 00:00:00,773,Stock Clerk
714,Eleanor,Holmes,charles.ward@example.com,650.127.1634,2016-06-24 00:00:00,956,Stock Clerk
715,Chloe,Bailey,amelia.myers@example.com,515.124.4569,2016-02-23 00:00:00,765,Administration Vice President
716,Connor,Dunn,ellibrooks@example.com,650.124.8234,2016-08-20 00:00:00,643,Programmer
717,Gabriel,Dunn,nathan.cox@example.com,650.501.4876,2016-01-03 00:00:00,745,Stock Manager
718,Lola,Ferguson,carter.gonzales@example.com,011.44.1344.467268,2016-03-19 00:00:00,990,Sales Representative
719,Ava,Ramirez,annabelle.dunn@example.com,650.507.9811,2016-10-17 00:00:00,936,Sales Representative
720,Sofia,Hughes,seth.foster@example.com,650.123.2234,2016-04-21 00:00:00,899,Stock Clerk
721,Felix,Freeman,jasmine.hunt@example.com,515.123.4444,2016-03-24 00:00:00,918,Sales Manager
722,Sofia,Alexander,thea.hawkins@example.com,515.127.4564,2016-04-23 00:00:00,642,Stock Clerk
723,Florence,Simmons,kian.griffin@example.com,650.507.9877,2016-12-15 00:00:00,634,Sales Manager
724,Evie,Cruz,scarlett.gibson@example.com,011.44.1346.629268,2016-06-21 00:00:00,777,Stock Manager
725,Abigail,Palmer,isabelle.marshall@example.com,650.124.5234,2016-03-15 00:00:00,935,Shipping Clerk
726,Poppy,Price,reggie.simmons@example.com,650.124.1224,2016-03-24 00:00:00,853,Shipping Clerk
727,Olivia,Butler,matilda.stevens@example.com,650.501.1876,2016-04-10 00:00:00,843,Sales Representative
728,Amelie,Dixon,lucy.crawford@example.com,650.124.1214,2016-01-05 00:00:00,677,Sales Representative
729,Lola,Foster,ellis.washington@example.com,650.123.5234,2016-05-11 00:00:00,958,Sales Manager
730,Charlotte,Wood,elizabeth.dixon@example.com,650.124.6234,2016-01-24 00:00:00,623,Marketing Manager
731,Sophia,Washington,chloe.cruz@example.com,515.124.4567,2016-09-30 00:00:00,666,Sales Representative
732,Emily,Hayes,lilly.daniels@example.com,650.123.1234,2016-09-28 00:00:00,624,Stock Clerk
733,Chloe,Stevens,elliott.james@example.com,515.124.4269,2016-02-04 00:00:00,705,Stock Clerk
734,Felix,Ward,emilia.holmes@example.com,650.121.2019,2016-11-11 00:00:00,640,Stock Clerk
735,Ollie,Powell,connor.hayes@example.com,650.121.2034,2016-10-01 00:00:00,983,Programmer
736,Florence,Powell,emily.hamilton@example.com,011.44.1344.486508,2016-01-24 00:00:00,958,Sales Manager
737,Elizabeth,Black,rosie.morales@example.com,011.44.1345.429268,2016-03-30 00:00:00,704,Sales Representative
738,Elizabeth,Hawkins,roman.hughes@example.com,011.44.1343.929268,2016-04-21 00:00:00,782,Programmer
739,Ryan,Owens,evie.harrison@example.com,011.44.1343.729268,2016-10-17 00:00:00,771,Finance Manager
740,Summer,Dunn,ryan.gray@example.com,011.44.1644.429266,2016-03-11 00:00:00,642,Stock Clerk
741,Lola,Webb,ellie.robertson@example.com,011.44.1344.467268,2016-03-17 00:00:00,893,Public Accountant
742,Ryan,Washington,daisy.ortiz@example.com,650.507.9822,2016-03-17 00:00:00,718,Stock Clerk
743,Albert,Ward,elizabeth.dixon@example.com,011.44.1644.429267,2016-01-13 00:00:00,677,Stock Clerk
744,Sophie,Murray,kai.long@example.com,650.121.2004,2016-02-07 00:00:00,1000,Programmer
745,Maisie,Black,amelia.myers@example.com,515.123.4567,2016-07-18 00:00:00,811,Shipping Clerk
746,Felix,Fisher,daisy.ortiz@example.com,011.44.1346.729268,2016-02-05 00:00:00,610,Sales Representative
747,Louie,Morales,jamie.butler@example.com,515.127.4561,2016-08-20 00:00:00,737,Marketing Representative
748,Ryan,Ford,holly.shaw@example.com,011.44.1345.929268,2016-06-14 00:00:00,932,Shipping Clerk
749,Elizabeth,Price,emilia.holmes@example.com,515.124.4567,2016-01-27 00:00:00,946,Public Relations Representative
750,Chloe,Kennedy,ronnie.perry@example.com,011.44.1346.729268,2016-11-11 00:00:00,781,Stock Clerk
751,Ava,Hawkins,liam.henderson@example.com,011.44.1346.529268,2016-04-24 00:00:00,710,Sales Representative
752,Jude,Coleman,kai.long@example.com,515.123.8888,2016-02-06 00:00:00,809,Programmer
753,Ronnie,Nichols,ellie.robertson@example.com,650.501.4876,2016-12-19 00:00:00,993,Stock Clerk
754,Rosie,Patterson,callum.jenkins@example.com,590.423.4567,2016-04-06 00:00:00,883,Stock Clerk
755,Lola,Nichols,florence.freeman@example.com,650.121.2019,2016-06-07 00:00:00,817,Sales Representative
756,Poppy,Hicks,amelia.myers@example.com,011.44.1343.329268,2016-12-24 00:00:00,954,Sales Representative
757,Elsie,Kelly,ella.wallace@example.com,650.124.7234,2016-06-25 00:00:00,869,Stock Clerk
758,Bobby,Watson,ivy.burns@example.com,650.505.2876,2016-08-20 00:00:00,824,Shipping Clerk
759,Roman,Cox,carter.gonzales@example.com,011.44.1343.829268,2016-06-07 00:00:00,709,Stock Clerk
760,Frederick,Cox,poppy.jordan@example.com,515.124.4469,2016-08-01 00:00:00,727,Sales Representative
761,Phoebe,Fisher,grace.ellis@example.com,650.509.4876,2016-06-07 00:00:00,943,Stock Clerk
762,Thea,Knight,roman.hughes@example.com,011.44.1345.829268,2016-04-23 00:00:00,785,Accountant
763,Harriet,Grant,seth.foster@example.com,515.123.7777,2016-09-21 00:00:00,728,Stock Clerk
764,Frederick,Boyd,ellibrooks@example.com,650.123.5234,2016-05-18 00:00:00,872,Sales Representative
765,Grace,Ramirez,rory.kelly@example.com,650.507.9844,2016-05-01 00:00:00,902,Finance Manager
766,Thea,Dunn,albert.watson@example.com,515.124.4567,2016-02-23 00:00:00,954,Shipping Clerk
767,Abigail,Rivera,evelyn.tucker@example.com,011.44.1343.629268,2016-01-27 00:00:00,914,Stock Clerk
768,Charles,Stephens,isla.graham@example.com,011.44.1644.429262,2016-06-07 00:00:00,898,Stock Manager
769,Jackson,Hawkins,phoebe.murray@example.com,011.44.1346.729268,2016-10-26 00:00:00,880,Purchasing Clerk
770,Evie,Stevens,albert.watson@example.com,011.44.1343.529268,2016-10-15 00:00:00,695,Stock Clerk
771,Charles,Reyes,lilly.daniels@example.com,650.509.2876,2016-04-10 00:00:00,841,Shipping Clerk
772,Matilda,Alexander,mohammad.peterson@example.com,650.121.1234,2016-11-15 00:00:00,770,Programmer
773,Blake,Bryant,leon.powell@example.com,603.123.6666,2016-03-30 00:00:00,837,Sales Representative
774,Sophie,Burns,kai.long@example.com,011.44.1344.478968,2016-02-07 00:00:00,664,Marketing Manager
775,Lucy,Owens,sophie.owens@example.com,515.127.4561,2016-12-15 00:00:00,948,Shipping Clerk
776,Seth,Wells,rosie.morales@example.com,515.123.7777,2016-12-19 00:00:00,911,Shipping Clerk
777,Isabelle,Kennedy,bobby.torres@example.com,011.44.1644.429263,2016-01-27 00:00:00,863,Shipping Clerk
778,Phoebe,Graham,ibrahim.alexander@example.com,650.509.3876,2016-07-16 00:00:00,939,Stock Clerk
779,Frederick,Mcdonald,ellibrooks@example.com,011.44.1344.498718,2016-08-13 00:00:00,637,Shipping Clerk
780,Evelyn,Cooper,jackson.coleman@example.com,650.507.9833,2016-07-18 00:00:00,886,Sales Manager
781,Eva,Bennett,sophia.reynolds@example.com,590.423.4569,2016-10-15 00:00:00,770,Stock Manager
782,Elliott,West,ellibrooks@example.com,650.509.3876,2016-06-07 00:00:00,750,Sales Representative
783,Sonny,Perkins,carter.gonzales@example.com,011.44.1343.929268,2016-06-07 00:00:00,664,Sales Representative
784,Rosie,Ortiz,evelyn.tucker@example.com,515.123.8888,2016-04-10 00:00:00,614,Shipping Clerk
785,Lily,Gray,jasmine.hunt@example.com,650.124.7234,2016-03-19 00:00:00,920,Stock Clerk
786,Molly,Gibson,amelie.hudson@example.com,515.123.7777,2016-11-16 00:00:00,693,Accountant
787,Alice,Holmes,ellis.washington@example.com,650.124.8234,2016-06-14 00:00:00,784,Shipping Clerk
788,Rosie,Alexander,ruby.mcdonald@example.com,650.127.1734,2016-07-09 00:00:00,647,Sales Representative
789,Emma,Ellis,eva.porter@example.com,515.124.4169,2016-09-28 00:00:00,818,Shipping Clerk
790,Layla,Burns,frederick.price@example.com,650.505.3876,2016-08-20 00:00:00,732,Shipping Clerk
791,Sophie,Bennett,annabelle.dunn@example.com,515.123.4444,2016-07-14 00:00:00,768,Human Resources Representative
792,Jamie,Cooper,elliott.james@example.com,650.505.4876,2016-07-09 00:00:00,910,Stock Clerk
793,Jackson,Rose,albert.watson@example.com,011.44.1344.498718,2016-05-11 00:00:00,727,Stock Manager
794,Maya,Griffin,ella.wallace@example.com,590.423.5567,2016-10-17 00:00:00,929,Sales Representative
795,Mohammad,Graham,evie.harrison@example.com,650.505.1876,2016-03-30 00:00:00,818,Shipping Clerk
796,Harper,Nichols,emma.perkins@example.com,515.127.4566,2016-08-17 00:00:00,674,Shipping Clerk
797,Tommy,Kelly,isabelle.marshall@example.com,650.505.3876,2016-12-09 00:00:00,739,Administration Vice President
798,Chloe,Knight,jamie.butler@example.com,650.124.8234,2016-09-30 00:00:00,790,Shipping Clerk
799,Florence,Gonzales,florence.freeman@example.com,011.44.1346.629268,2016-08-26 00:00:00,631,Sales Representative
800,Kian,Wood,jude.rivera@example.com,650.123.5234,2016-04-24 00:00:00,657,Programmer
801,Sophia,Wood,ava.sullivan@example.com,515.127.4561,2016-01-29 00:00:00,857,Sales Representative
802,Frederick,Gibson,lucy.crawford@example.com,650.124.1224,2016-05-11 00:00:00,736,Programmer
803,Amelie,Robertson,rosie.morales@example.com,011.44.1345.729268,2016-03-19 00:00:00,670,Shipping Clerk
804,Jude,Gonzales,jude.rivera@example.com,011.44.1345.729268,2016-02-17 00:00:00,971,Sales Manager
805,Ollie,West,jamie.butler@example.com,650.127.1634,2016-02-23 00:00:00,831,Shipping Clerk
806,Ellis,Bailey,charles.ward@example.com,590.423.4560,2016-07-14 00:00:00,649,Shipping Clerk
807,Jasmine,Marshall,ryan.gray@example.com,650.124.1214,2016-03-15 00:00:00,811,Stock Clerk
808,Maisie,Stevens,evelyn.tucker@example.com,515.124.4567,2016-04-23 00:00:00,870,Stock Clerk
809,Sophia,Jenkins,lilly.daniels@example.com,011.44.1344.467268,2016-03-10 00:00:00,931,Shipping Clerk
810,Jude,Richardson,ivy.burns@example.com,515.127.4565,2016-01-05 00:00:00,772,Accountant
811,Callum,Cox,sophia.reynolds@example.com,590.423.4567,2016-10-26 00:00:00,830,Administration Assistant
812,Nathan,Ellis,matilda.stevens@example.com,515.123.4444,2016-11-15 00:00:00,659,Shipping Clerk
813,Amelia,Alexander,rosie.morales@example.com,011.44.1346.329268,2016-01-30 00:00:00,972,Purchasing Manager
814,Isabelle,Peterson,emilia.holmes@example.com,011.44.1345.729268,2016-07-09 00:00:00,722,Sales Representative
815,Matilda,Watson,eleanor.grant@example.com,650.507.9877,2016-04-21 00:00:00,681,Accountant
816,Jasmine,Dunn,charlotte.webb@example.com,650.505.3876,2016-07-09 00:00:00,662,Programmer
817,Kai,Hicks,annabelle.dunn@example.com,650.121.2019,2016-01-14 00:00:00,824,Accountant
818,Florence,Knight,emily.hamilton@example.com,515.124.4169,2016-01-13 00:00:00,622,Stock Clerk
819,Georgia,Kelly,liam.henderson@example.com,650.121.2019,2016-01-13 00:00:00,692,Accountant
820,Emilia,Rivera,elizabeth.dixon@example.com,650.507.9876,2016-02-23 00:00:00,776,Sales Representative
821,Emilia,Mcdonald,grace.ellis@example.com,011.44.1345.829268,2016-10-17 00:00:00,840,Shipping Clerk
822,Ava,Reyes,jaxon.ross@example.com,650.127.1834,2016-04-23 00:00:00,929,Shipping Clerk
823,Callum,Nichols,blake.cooper@example.com,650.507.9878,2016-06-17 00:00:00,814,Administration Assistant
824,Sienna,Murray,alice.wells@example.com,011.44.1644.429267,2016-03-24 00:00:00,741,Stock Clerk
825,Layla,Richardson,ellis.washington@example.com,515.127.4561,2016-06-21 00:00:00,709,Sales Representative
826,Hannah,Wood,frederick.price@example.com,650.509.4876,2016-02-05 00:00:00,863,Stock Clerk
827,Liam,Gardner,bobby.torres@example.com,515.123.4567,2016-09-30 00:00:00,743,Programmer
828,Ruby,Foster,emilia.holmes@example.com,650.124.1224,2016-01-27 00:00:00,719,Programmer
829,Scarlett,Reyes,ellis.washington@example.com,650.124.1224,2016-03-08 00:00:00,927,Shipping Clerk
830,Jude,Harrison,emilia.holmes@example.com,011.44.1346.329268,2016-05-23 00:00:00,616,Purchasing Clerk
831,Emma,Ellis,ellis.washington@example.com,515.123.4444,2016-01-30 00:00:00,912,Marketing Manager
832,Summer,Ortiz,maisie.nichols@example.com,011.44.1344.429278,2016-05-11 00:00:00,839,Sales Representative
833,Mia,Foster,jessica.woods@example.com,011.44.1345.529268,2016-06-07 00:00:00,723,Programmer
834,Elliott,Robertson,tyler.ramirez@example.com,650.507.9877,2016-02-23 00:00:00,672,Shipping Clerk
835,Callum,Hunt,ellibrooks@example.com,650.507.9877,2016-02-23 00:00:00,750,Programmer
836,Summer,Jenkins,isabella.cole@example.com,650.507.9876,2016-02-03 00:00:00,709,Shipping Clerk
837,Lilly,Dunn,alice.wells@example.com,650.501.4876,2016-06-21 00:00:00,956,Stock Manager
838,Seth,Richardson,gracie.gardner@example.com,515.127.4561,2016-03-10 00:00:00,902,Stock Clerk
839,Austin,Cox,sonny.russell@example.com,011.44.1345.429268,2016-08-17 00:00:00,807,Programmer
840,Olivia,Hicks,sienna.simpson@example.com,650.127.1834,2016-09-28 00:00:00,967,Sales Representative
841,Imogen,Washington,daisy.ortiz@example.com,650.123.4234,2016-02-07 00:00:00,725,Sales Manager
842,Florence,Mills,reggie.simmons@example.com,515.123.8181,2016-07-14 00:00:00,779,Stock Clerk
843,Rory,Hicks,florence.freeman@example.com,650.121.2874,2016-02-23 00:00:00,651,Sales Representative
844,Eliza,Graham,elizabeth.dixon@example.com,650.501.3876,2016-03-10 00:00:00,860,Shipping Clerk
845,Holly,Rivera,thea.hawkins@example.com,650.507.9879,2016-07-14 00:00:00,767,Stock Clerk
846,Caleb,Wood,evelyn.tucker@example.com,515.123.4567,2016-02-16 00:00:00,688,Stock Clerk
847,Evelyn,Holmes,alex.sanders@example.com,650.121.2994,2016-03-15 00:00:00,947,Stock Clerk
848,Elsie,Kennedy,lilly.daniels@example.com,515.123.4568,2016-03-15 00:00:00,955,Sales Representative
849,Alice,Dunn,louis.wood@example.com,590.423.4560,2016-08-16 00:00:00,648,Sales Representative
850,Gabriel,Bennett,emilia.holmes@example.com,650.121.2994,2016-03-15 00:00:00,739,Shipping Clerk
851,Jaxon,James,imogen.boyd@example.com,515.127.4561,2016-12-09 00:00:00,602,Shipping Clerk
852,Ollie,Shaw,gracie.gardner@example.com,011.44.1344.987668,2016-07-24 00:00:00,877,Shipping Clerk
853,Mohammad,Owens,jude.rivera@example.com,515.123.7777,2016-07-09 00:00:00,963,Sales Representative
854,Lily,Cox,nathan.cox@example.com,650.507.9833,2016-04-06 00:00:00,824,Shipping Clerk
855,Ivy,Bennett,lola.ramos@example.com,515.124.4567,2016-03-10 00:00:00,793,Shipping Clerk
856,Jaxon,Ward,carter.gonzales@example.com,650.501.2876,2016-07-14 00:00:00,981,Stock Clerk
857,Layla,Reynolds,jamie.butler@example.com,650.124.6234,2016-02-23 00:00:00,767,Stock Manager
858,Elizabeth,Ellis,evie.harrison@example.com,011.44.1344.498718,2016-06-07 00:00:00,968,Stock Clerk
859,Eliza,Cruz,eva.porter@example.com,650.124.1224,2016-02-04 00:00:00,659,Shipping Clerk
860,Lilly,Foster,nathan.cox@example.com,650.501.1876,2016-08-20 00:00:00,664,Shipping Clerk
861,Sienna,Tucker,jasmine.hunt@example.com,590.423.4567,2016-03-15 00:00:00,866,Purchasing Clerk
862,Esme,Watson,sofia.hicks@example.com,650.507.9833,2016-12-09 00:00:00,796,Stock Clerk
863,Thea,Hudson,gabriel.howard@example.com,650.507.9811,2016-03-24 00:00:00,970,Sales Representative
864,Ellie,Robertson,leon.powell@example.com,650.123.2234,2016-05-18 00:00:00,961,Sales Representative
865,Jamie,Gonzales,harper.spencer@example.com,650.124.8234,2016-07-24 00:00:00,672,Purchasing Clerk
866,Erin,Henderson,millie.hunter@example.com,515.127.4562,2016-03-24 00:00:00,895,Programmer
867,Louie,Fisher,willow.reyes@example.com,650.127.1834,2016-01-05 00:00:00,997,Programmer
868,Isabella,Stevens,jude.rivera@example.com,011.44.1344.429278,2016-09-28 00:00:00,639,Shipping Clerk
869,Molly,Simpson,ollie.bennett@example.com,011.44.1343.329268,2016-04-24 00:00:00,959,Sales Representative
870,Emilia,Porter,albert.watson@example.com,515.123.8888,2016-09-28 00:00:00,955,Programmer
871,Harriet,Bryant,amber.rose@example.com,011.44.1346.529268,2016-11-15 00:00:00,780,Sales Representative
872,Elliott,Jordan,jasmine.hunt@example.com,515.123.8181,2016-04-10 00:00:00,925,Sales Representative
873,Alex,Rivera,ellis.washington@example.com,011.44.1343.629268,2016-05-24 00:00:00,925,Stock Clerk
874,Alice,Hunter,annabelle.dunn@example.com,011.44.1345.829268,2016-03-19 00:00:00,704,Programmer
875,Seth,Marshall,elsie.henry@example.com,650.507.9879,2016-03-30 00:00:00,956,Stock Manager
876,Poppy,Cole,willow.reyes@example.com,011.44.1345.429268,2016-04-06 00:00:00,945,Public Accountant
877,Liam,Hunt,freya.gomez@example.com,011.44.1644.429264,2016-06-07 00:00:00,740,Shipping Clerk
878,Lucy,Burns,poppy.jordan@example.com,011.44.1344.498718,2016-02-23 00:00:00,773,Shipping Clerk
879,Emma,Stone,lola.ramos@example.com,011.44.1344.498718,2016-01-30 00:00:00,988,Administration Assistant
880,Caleb,Price,emilia.holmes@example.com,011.44.1345.729268,2016-08-20 00:00:00,916,Purchasing Manager
881,Albert,Ellis,jackson.coleman@example.com,650.124.1214,2016-12-15 00:00:00,697,Sales Representative
882,Frederick,Cox,lilly.daniels@example.com,011.44.1343.329268,2016-08-20 00:00:00,795,Sales Representative
883,Louie,Long,charles.ward@example.com,650.505.4876,2016-06-21 00:00:00,729,Stock Clerk
884,Isabelle,Richardson,bobby.torres@example.com,590.423.4567,2016-12-09 00:00:00,610,Sales Manager
885,Jude,Myers,emily.hamilton@example.com,011.44.1345.929268,2016-05-11 00:00:00,705,Shipping Clerk
886,Rosie,Washington,alex.sanders@example.com,650.509.4876,2016-07-24 00:00:00,761,Programmer
887,Reggie,Marshall,eva.porter@example.com,650.121.1234,2016-08-17 00:00:00,753,Public Accountant
888,Charles,Jordan,tommy.bailey@example.com,650.127.1834,2016-12-09 00:00:00,723,Marketing Manager
889,Olivia,Stevens,lola.ramos@example.com,515.127.4566,2016-10-26 00:00:00,966,Stock Clerk
890,Ellis,Gonzales,imogen.boyd@example.com,515.127.4564,2016-08-20 00:00:00,646,Shipping Clerk
891,Dexter,Rose,sophia.reynolds@example.com,650.501.1876,2016-08-20 00:00:00,896,Administration Vice President
892,Emilia,Henderson,ellibrooks@example.com,650.124.7234,2016-02-07 00:00:00,652,Shipping Clerk
893,Harriet,Myers,jackson.coleman@example.com,650.509.4876,2016-01-13 00:00:00,700,Sales Representative
894,Harper,Hughes,lily.fisher@example.com,011.44.1344.467268,2016-02-12 00:00:00,928,Sales Representative
895,Sophia,Griffin,sophie.owens@example.com,011.44.1346.329268,2016-10-10 00:00:00,670,Shipping Clerk
896,Eliza,Brooks,kian.griffin@example.com,011.44.1346.529268,2016-12-07 00:00:00,734,Sales Representative
897,Sienna,Crawford,emily.hamilton@example.com,650.121.2034,2016-06-25 00:00:00,870,Stock Clerk
898,Maya,James,louis.wood@example.com,011.44.1344.129268,2016-09-17 00:00:00,875,Accountant
899,Leon,Hunt,jasmine.hunt@example.com,590.423.4560,2016-08-26 00:00:00,646,Programmer
900,Freya,Ward,ellis.washington@example.com,011.44.1644.429265,2016-06-21 00:00:00,850,Shipping Clerk
901,Ronnie,Warren,maya.kennedy@example.com,011.44.1344.129268,2016-02-23 00:00:00,970,Shipping Clerk
902,Caleb,Black,harper.spencer@example.com,650.124.6234,2016-03-03 00:00:00,677,Shipping Clerk
903,Millie,Boyd,hannah.knight@example.com,011.44.1344.429268,2016-01-24 00:00:00,727,Stock Clerk
904,Albert,Cox,ibrahim.alexander@example.com,011.44.1344.498718,2016-11-03 00:00:00,743,Sales Representative
905,Alex,Cruz,nathan.cox@example.com,650.507.9844,2016-01-27 00:00:00,920,Administration Assistant
906,Alex,Torres,grace.ellis@example.com,011.44.1344.987668,2016-05-24 00:00:00,832,Purchasing Clerk
907,Rory,Ellis,kian.griffin@example.com,011.44.1346.529268,2016-03-24 00:00:00,686,Public Accountant
908,Louie,Peterson,sophia.reynolds@example.com,011.44.1345.929268,2016-06-14 00:00:00,601,Stock Clerk
909,Evie,Gardner,tommy.bailey@example.com,011.44.1343.729268,2016-05-18 00:00:00,794,Shipping Clerk
910,Callum,Holmes,ivy.burns@example.com,515.124.4567,2016-01-29 00:00:00,716,Marketing Manager
911,Leon,Bryant,abigail.palmer@example.com,590.423.5567,2016-01-30 00:00:00,724,Programmer
912,Sophia,Palmer,poppy.jordan@example.com,515.123.8181,2016-04-24 00:00:00,764,Stock Clerk
913,Elsie,Diaz,connor.hayes@example.com,011.44.1346.729268,2016-01-05 00:00:00,617,Stock Clerk
914,Blake,Dixon,millie.hunter@example.com,515.124.4169,2016-02-23 00:00:00,994,Programmer
915,Evie,Torres,elsie.henry@example.com,011.44.1346.329268,2016-08-10 00:00:00,924,Shipping Clerk
916,Ella,Hunter,ella.wallace@example.com,515.124.4169,2016-03-17 00:00:00,711,Programmer
917,Ellis,Holmes,lily.fisher@example.com,650.121.2019,2016-01-24 00:00:00,831,Sales Representative
918,Phoebe,Price,maya.kennedy@example.com,650.121.2019,2016-10-15 00:00:00,965,Programmer
919,Esme,Simmons,sophie.owens@example.com,515.124.4469,2016-07-09 00:00:00,857,Stock Clerk
920,Imogen,Alexander,ronnie.perry@example.com,011.44.1346.529268,2016-07-18 00:00:00,826,Finance Manager
921,Erin,Long,ava.sullivan@example.com,650.124.1224,2016-07-09 00:00:00,930,Sales Representative
922,Callum,Wood,olivia.ford@example.com,650.123.2234,2016-08-20 00:00:00,792,Programmer
923,Maya,Holmes,ivy.burns@example.com,515.127.4562,2016-01-27 00:00:00,602,Shipping Clerk
924,Evie,Foster,lucy.crawford@example.com,011.44.1644.429266,2016-06-24 00:00:00,832,Shipping Clerk
925,Albert,Wood,bella.stone@example.com,011.44.1346.529268,2016-09-28 00:00:00,618,Stock Manager
926,Ryan,Price,summer.payne@example.com,650.507.9876,2016-08-17 00:00:00,636,Shipping Clerk
927,Ellie,Stevens,holly.shaw@example.com,515.127.4564,2016-07-09 00:00:00,663,Stock Clerk
928,Kai,Reyes,emma.perkins@example.com,011.44.1346.629268,2016-09-28 00:00:00,655,Stock Clerk
929,Tommy,Stevens,isabella.cole@example.com,650.123.2234,2016-06-07 00:00:00,625,Finance Manager
930,Connor,Hicks,tyler.ramirez@example.com,650.507.9879,2016-03-08 00:00:00,894,Shipping Clerk
931,Alex,Gonzales,sonny.russell@example.com,515.123.8181,2016-10-15 00:00:00,835,Sales Representative
932,Nathan,Sanders,carter.gonzales@example.com,650.121.2994,2016-03-11 00:00:00,912,Administration Assistant
933,Summer,Robertson,lucy.crawford@example.com,650.124.8234,2016-02-20 00:00:00,641,Sales Representative
934,Jamie,Stevens,mohammad.peterson@example.com,650.124.1434,2016-02-23 00:00:00,677,Programmer
935,Summer,Henderson,jude.rivera@example.com,011.44.1344.498718,2016-01-13 00:00:00,979,Administration Assistant
936,Elliott,Ellis,jackson.coleman@example.com,650.124.1224,2016-04-23 00:00:00,766,Shipping Clerk
937,Louie,Ortiz,bobby.torres@example.com,650.507.9878,2016-07-16 00:00:00,783,Sales Manager
938,Seth,Wood,holly.shaw@example.com,011.44.1344.429018,2016-03-15 00:00:00,675,Shipping Clerk
939,Alice,Hayes,kian.griffin@example.com,011.44.1344.429018,2016-08-16 00:00:00,654,Shipping Clerk
940,Blake,Cole,lucy.crawford@example.com,011.44.1644.429263,2016-01-30 00:00:00,927,Human Resources Representative
941,Chloe,Griffin,eleanor.grant@example.com,011.44.1343.529268,2016-01-03 00:00:00,671,Sales Manager
942,Ryan,Palmer,emily.hamilton@example.com,011.44.1345.729268,2016-09-28 00:00:00,947,Shipping Clerk
943,Ellie,Cooper,chloe.cruz@example.com,650.501.4876,2016-01-27 00:00:00,618,Accountant
944,Isabella,Peterson,maisie.nichols@example.com,011.44.1343.329268,2016-12-19 00:00:00,938,Administration Vice President
945,Sophia,Diaz,leon.powell@example.com,650.124.7234,2016-09-30 00:00:00,650,Stock Clerk
946,Mohammad,Bailey,sophie.owens@example.com,650.121.2034,2016-08-01 00:00:00,675,Programmer
947,Thea,Webb,jude.rivera@example.com,515.127.4563,2016-12-15 00:00:00,790,Sales Representative
948,Eva,Coleman,leon.powell@example.com,515.123.8181,2016-07-18 00:00:00,642,Shipping Clerk
949,Jude,Cox,sophie.owens@example.com,650.124.6234,2016-07-14 00:00:00,841,Marketing Representative
950,Louis,Mason,amber.rose@example.com,515.124.4169,2016-03-08 00:00:00,955,Accountant
951,Sophie,Mason,roman.hughes@example.com,650.127.1634,2016-02-06 00:00:00,911,Sales Representative
952,Sophie,Mason,annabelle.dunn@example.com,650.121.2874,2016-01-29 00:00:00,603,Stock Clerk
953,Eleanor,Bennett,ruby.mcdonald@example.com,011.44.1644.429266,2016-02-23 00:00:00,615,Stock Clerk
954,Gracie,Kennedy,liam.henderson@example.com,650.505.3876,2016-08-01 00:00:00,807,Sales Representative
955,Jessica,Black,poppy.jordan@example.com,515.123.4444,2016-02-20 00:00:00,940,Shipping Clerk
956,Emilia,Dunn,annabelle.dunn@example.com,650.121.2034,2016-11-11 00:00:00,882,Sales Manager
957,Ruby,Ramirez,sophie.owens@example.com,650.124.5234,2016-06-07 00:00:00,618,Accountant
958,Ollie,Gardner,elizabeth.dixon@example.com,011.44.1644.429263,2016-04-23 00:00:00,901,Purchasing Clerk
959,Elsie,Ortiz,austin.flores@example.com,011.44.1344.478968,2016-02-07 00:00:00,850,Marketing Manager
960,Florence,Knight,alice.wells@example.com,650.127.1734,2016-09-30 00:00:00,897,Accountant
961,Frederick,Perkins,sonny.russell@example.com,011.44.1644.429266,2016-04-23 00:00:00,901,Stock Clerk
962,Felix,Palmer,sienna.simpson@example.com,650.501.1876,2016-02-07 00:00:00,707,Stock Clerk
963,Caleb,Gibson,isabelle.marshall@example.com,011.44.1344.987668,2016-02-16 00:00:00,886,Shipping Clerk
964,Connor,Fisher,blake.cooper@example.com,650.507.9844,2016-08-13 00:00:00,634,Shipping Clerk
965,Evelyn,Gordon,sienna.simpson@example.com,515.124.4567,2016-09-17 00:00:00,987,Stock Clerk
966,Amelia,Gibson,eva.porter@example.com,515.123.7777,2016-06-25 00:00:00,749,Sales Representative
967,Amber,Woods,thea.hawkins@example.com,650.505.4876,2016-02-17 00:00:00,992,Shipping Clerk
968,Ollie,Bailey,sophie.owens@example.com,650.124.5234,2016-08-16 00:00:00,868,Programmer
969,Lily,Myers,ava.sullivan@example.com,650.121.1834,2016-02-23 00:00:00,809,Administration Assistant
970,Emma,Webb,annabelle.dunn@example.com,515.123.8888,2016-08-17 00:00:00,602,Sales Representative
971,Elizabeth,Hicks,amelia.myers@example.com,515.127.4566,2016-01-14 00:00:00,821,Stock Clerk
972,Thea,Hudson,sofia.hicks@example.com,650.507.9878,2016-08-20 00:00:00,887,Stock Clerk
973,Sofia,Spencer,frederick.price@example.com,011.44.1346.729268,2016-08-16 00:00:00,667,Sales Representative
974,Jude,Payne,tyler.ramirez@example.com,011.44.1343.329268,2016-02-06 00:00:00,707,Sales Manager
975,Alex,Ramos,charles.ward@example.com,011.44.1345.629268,2016-02-23 00:00:00,764,Sales Representative
976,Leon,Foster,olivia.ford@example.com,515.127.4565,2016-12-07 00:00:00,776,Shipping Clerk
977,Rory,Sullivan,tyler.ramirez@example.com,650.127.1734,2016-02-17 00:00:00,753,Sales Representative
978,Matilda,Spencer,jude.rivera@example.com,011.44.1343.729268,2016-12-24 00:00:00,749,Programmer
979,Ollie,Ross,layla.mason@example.com,011.44.1344.478968,2016-06-17 00:00:00,960,Sales Representative
980,Charlotte,Bryant,jude.rivera@example.com,515.123.4569,2016-09-30 00:00:00,819,Shipping Clerk
981,Lola,Owens,holly.shaw@example.com,011.44.1644.429267,2016-01-13 00:00:00,923,Programmer
982,Lola,Butler,summer.payne@example.com,650.127.1734,2016-08-13 00:00:00,696,Stock Clerk
983,Aaron,Ellis,florence.freeman@example.com,650.121.2019,2016-08-10 00:00:00,741,Shipping Clerk
984,Jessica,Ramos,jasmine.hunt@example.com,011.44.1346.229268,2016-10-15 00:00:00,779,Stock Clerk
985,Gabriel,Marshall,harper.spencer@example.com,011.44.1346.529268,2016-11-11 00:00:00,871,Sales Representative
986,Sofia,Alexander,chloe.cruz@example.com,011.44.1346.329268,2016-08-20 00:00:00,910,Stock Clerk
987,Elizabeth,Gordon,eva.porter@example.com,603.123.6666,2016-12-19 00:00:00,787,Shipping Clerk
988,Molly,Robertson,florence.freeman@example.com,650.507.9877,2016-06-17 00:00:00,818,Shipping Clerk
989,Isla,Dixon,ellie.robertson@example.com,011.44.1344.429268,2016-11-16 00:00:00,833,Stock Clerk
990,Erin,Butler,holly.shaw@example.com,515.127.4564,2016-08-16 00:00:00,963,Programmer
991,Elsie,Ellis,lilly.daniels@example.com,515.123.8181,2016-07-14 00:00:00,895,Shipping Clerk
992,Molly,Flores,eliza.black@example.com,650.121.2994,2016-04-10 00:00:00,701,Sales Representative
993,Harper,Barnes,charles.ward@example.com,650.121.2019,2016-12-12 00:00:00,974,Stock Clerk
994,Freya,Peterson,isabelle.marshall@example.com,515.123.4567,2016-06-17 00:00:00,927,Sales Representative
995,Elsie,Flores,holly.shaw@example.com,011.44.1344.987668,2016-02-23 00:00:00,623,Sales Representative
996,Olivia,Long,evie.harrison@example.com,650.127.1734,2016-06-24 00:00:00,668,Sales Representative
997,Sophia,Watson,jaxon.ross@example.com,011.44.1644.429263,2016-02-23 00:00:00,911,Shipping Clerk
998,Sofia,Washington,isabelle.marshall@example.com,650.121.1234,2016-03-17 00:00:00,883,Shipping Clerk
999,Emilia,Ortiz,austin.flores@example.com,650.124.8234,2016-02-05 00:00:00,813,Sales Representative
1000,Liam,Henderson,esme.warren@example.com,650.124.7234,2016-12-09 00:00:00,952,Programmer
1001,Alice,Torres,dexter.barnes@example.com,650.121.1234,2016-06-21 00:00:00,872,Programmer
1002,Blake,Ortiz,ibrahim.alexander@example.com,650.505.3876,2016-08-01 00:00:00,824,Sales Representative
1003,Seth,Sullivan,hannah.knight@example.com,011.44.1345.729268,2016-01-13 00:00:00,887,Programmer
1004,Gabriel,Hicks,bella.stone@example.com,011.44.1343.529268,2016-10-30 00:00:00,658,Programmer
1005,Freya,Simpson,willow.reyes@example.com,011.44.1344.619268,2016-03-10 00:00:00,882,Stock Clerk
1006,Ivy,Jenkins,jasmine.hunt@example.com,011.44.1346.529268,2016-02-12 00:00:00,626,Shipping Clerk
1007,Amber,Henry,alice.wells@example.com,650.121.2004,2016-03-19 00:00:00,761,Stock Clerk
1008,Roman,Hughes,maisie.nichols@example.com,650.121.2034,2016-07-18 00:00:00,977,Shipping Clerk
1009,Eleanor,Nichols,tyler.ramirez@example.com,650.509.4876,2016-11-03 00:00:00,794,Shipping Clerk
1010,Charlotte,Kennedy,mohammad.peterson@example.com,650.507.9876,2016-01-03 00:00:00,852,Stock Clerk
1011,Frederick,Hawkins,connor.hayes@example.com,011.44.1344.129268,2016-11-03 00:00:00,812,Shipping Clerk
1012,Ryan,Flores,caleb.diaz@example.com,515.123.5555,2016-11-15 00:00:00,915,Stock Clerk
1013,Poppy,Stephens,rory.kelly@example.com,590.423.4560,2016-03-19 00:00:00,888,Stock Clerk
1014,Ibrahim,Gardner,jamie.butler@example.com,515.124.4469,2016-03-10 00:00:00,852,Shipping Clerk
1015,Lucy,Harrison,gabriel.howard@example.com,650.123.2234,2016-02-05 00:00:00,716,Shipping Clerk
1016,Rory,Kelly,sophia.reynolds@example.com,650.124.7234,2016-06-21 00:00:00,995,Programmer
1017,Ellis,Daniels,elliott.james@example.com,011.44.1345.729268,2016-12-07 00:00:00,697,Sales Representative
1018,Caleb,Nichols,nathan.cox@example.com,650.123.3234,2016-03-11 00:00:00,767,Programmer
1019,Amber,Hughes,isabella.cole@example.com,011.44.1344.987668,2016-06-25 00:00:00,902,Stock Manager
1020,Sienna,Gomez,lily.fisher@example.com,011.44.1344.129268,2016-07-18 00:00:00,947,Sales Representative
1021,Austin,Butler,poppy.jordan@example.com,650.501.3876,2016-04-10 00:00:00,746,Purchasing Clerk
1022,Louie,West,sienna.simpson@example.com,650.509.1876,2016-02-07 00:00:00,751,Accountant
1023,Sophia,Gardner,emilia.holmes@example.com,515.123.8181,2016-01-13 00:00:00,976,Stock Clerk
1024,Roman,Rose,sonny.russell@example.com,650.127.1834,2016-01-29 00:00:00,928,Programmer
1025,Mia,Rivera,gracie.gardner@example.com,515.127.4562,2016-11-03 00:00:00,931,Programmer
1026,Austin,Diaz,seth.foster@example.com,650.121.2034,2016-12-24 00:00:00,923,Shipping Clerk
1027,Tyler,Cooper,elizabeth.dixon@example.com,011.44.1345.629268,2016-11-15 00:00:00,912,Stock Clerk
1028,Bobby,Palmer,lilly.daniels@example.com,515.123.4569,2016-12-09 00:00:00,816,Accountant
1029,Georgia,Hudson,imogen.boyd@example.com,011.44.1344.129268,2016-02-23 00:00:00,922,Shipping Clerk
1030,Abigail,Hayes,albert.watson@example.com,650.121.8009,2016-06-07 00:00:00,770,Marketing Representative
1031,Ruby,Dixon,ivy.burns@example.com,515.124.4569,2016-04-06 00:00:00,884,Programmer
1032,Louis,Stevens,charlotte.webb@example.com,011.44.1644.429263,2016-12-12 00:00:00,802,Stock Clerk
1033,Emilia,Spencer,ronnie.perry@example.com,650.124.7234,2016-02-16 00:00:00,834,Shipping Clerk
1034,Eva,Hawkins,isabella.cole@example.com,650.509.3876,2016-04-24 00:00:00,963,Stock Manager
1035,Caleb,Torres,scarlett.gibson@example.com,650.121.1834,2016-03-30 00:00:00,825,Stock Clerk
1036,Sophie,Brooks,eleanor.grant@example.com,650.501.3876,2016-02-17 00:00:00,765,Shipping Clerk
1037,Hannah,Graham,molly.rice@example.com,650.124.7234,2016-07-14 00:00:00,743,Sales Representative
1038,Alice,Gray,amelia.myers@example.com,650.124.8234,2016-10-10 00:00:00,708,Shipping Clerk
1039,Dexter,Hayes,amelie.hudson@example.com,011.44.1345.529268,2016-02-03 00:00:00,830,Purchasing Clerk
1040,Eva,Hamilton,elliott.james@example.com,650.121.8009,2016-02-07 00:00:00,785,Sales Representative
1041,Ellis,Boyd,rose.stephens@example.com,011.44.1344.429268,2016-02-05 00:00:00,854,Stock Clerk
1042,Austin,Dunn,charlotte.webb@example.com,515.123.8181,2016-05-18 00:00:00,807,Stock Clerk
1043,Ibrahim,Hayes,isla.graham@example.com,650.121.2004,2016-09-21 00:00:00,995,Sales Representative
1044,Charlotte,Bailey,abigail.palmer@example.com,650.123.3234,2016-01-04 00:00:00,615,Accountant
1045,Amelia,Powell,emily.hamilton@example.com,011.44.1345.929268,2016-02-05 00:00:00,856,Sales Representative
1046,Abigail,Cox,poppy.jordan@example.com,650.507.9811,2016-02-05 00:00:00,800,Sales Representative
1047,Nathan,Daniels,ollie.bennett@example.com,011.44.1346.729268,2016-03-19 00:00:00,671,Purchasing Clerk
1048,Callum,Wood,charlotte.webb@example.com,011.44.1346.329268,2016-03-24 00:00:00,772,Stock Clerk
1049,Summer,Harrison,albert.watson@example.com,011.44.1345.629268,2016-03-08 00:00:00,657,Purchasing Clerk
1050,Albert,Patterson,ellie.robertson@example.com,011.44.1343.329268,2016-04-21 00:00:00,877,Stock Clerk
1051,Kai,Hawkins,ella.wallace@example.com,650.121.2034,2016-07-11 00:00:00,763,Programmer
1052,Thea,Ortiz,harper.spencer@example.com,650.124.7234,2016-08-20 00:00:00,1000,Sales Representative
1053,Lily,Barnes,tyler.ramirez@example.com,011.44.1346.329268,2016-01-29 00:00:00,899,Shipping Clerk
1054,Molly,Reyes,evelyn.tucker@example.com,650.505.1876,2016-10-01 00:00:00,838,Shipping Clerk
1055,Harriet,Cox,sophie.owens@example.com,650.507.9877,2016-01-14 00:00:00,785,Administration Assistant
1056,Austin,Washington,carter.gonzales@example.com,515.124.4567,2016-10-26 00:00:00,752,Programmer
1057,Felix,Bennett,mohammad.peterson@example.com,650.124.1214,2016-03-07 00:00:00,776,Shipping Clerk
1058,Erin,Hawkins,esme.warren@example.com,650.507.9876,2016-05-24 00:00:00,960,Stock Clerk
1059,Alex,Boyd,elizabeth.dixon@example.com,650.505.2876,2016-02-23 00:00:00,744,Accounting Manager
1060,Esme,Dixon,ivy.burns@example.com,011.44.1344.129268,2016-03-10 00:00:00,626,Sales Manager
1061,Rose,Ross,sophie.owens@example.com,011.44.1345.629268,2016-06-17 00:00:00,870,Programmer
1062,Evie,Cole,eva.porter@example.com,011.44.1345.629268,2016-09-28 00:00:00,972,Sales Manager
1063,Alice,Simpson,daisy.ortiz@example.com,650.507.9876,2016-03-10 00:00:00,954,Stock Clerk
1064,Reggie,Hudson,charles.ward@example.com,011.44.1344.478968,2016-08-10 00:00:00,891,Shipping Clerk
1065,Abigail,Foster,ava.sullivan@example.com,011.44.1345.929268,2016-03-24 00:00:00,668,Stock Clerk
1066,Ronnie,Rose,ellis.washington@example.com,011.44.1344.129268,2016-06-21 00:00:00,687,Shipping Clerk
1067,Sienna,Stevens,chloe.cruz@example.com,011.44.1345.829268,2016-02-06 00:00:00,877,Shipping Clerk
1068,Jaxon,Sullivan,rosie.morales@example.com,650.501.3876,2016-10-15 00:00:00,800,Shipping Clerk
1069,Roman,Ortiz,emma.perkins@example.com,515.124.4269,2016-02-07 00:00:00,939,Shipping Clerk
1070,Annabelle,Diaz,annabelle.dunn@example.com,650.509.3876,2016-10-15 00:00:00,719,Programmer
1071,Summer,Marshall,ruby.mcdonald@example.com,650.507.9844,2016-03-11 00:00:00,782,Purchasing Clerk
1072,Jessica,Hudson,florence.freeman@example.com,650.505.4876,2016-09-28 00:00:00,984,Shipping Clerk
1073,Ivy,Gordon,poppy.jordan@example.com,590.423.4569,2016-09-28 00:00:00,634,Shipping Clerk
1074,Eleanor,Burns,bobby.torres@example.com,650.121.2874,2016-12-15 00:00:00,728,Stock Clerk
1075,Alice,Gardner,lily.fisher@example.com,650.501.4876,2016-08-01 00:00:00,988,Shipping Clerk
1076,Ella,Rice,georgia.mills@example.com,650.121.1834,2016-08-01 00:00:00,835,Accountant
1077,Roman,Fisher,ollie.bennett@example.com,650.505.4876,2016-01-04 00:00:00,957,Shipping Clerk
1078,Frederick,Dunn,eva.porter@example.com,515.127.4561,2016-03-10 00:00:00,758,Shipping Clerk
1079,Austin,Hudson,hannah.knight@example.com,650.507.9878,2016-06-14 00:00:00,992,Sales Representative
1080,Mia,Ortiz,isabella.cole@example.com,011.44.1344.498718,2016-04-10 00:00:00,830,Finance Manager
1081,Daisy,Howard,ivy.burns@example.com,011.44.1344.129268,2016-02-04 00:00:00,602,Shipping Clerk
1082,Jude,Robertson,sophie.owens@example.com,515.127.4563,2016-10-30 00:00:00,915,Administration Vice President
1083,Rosie,Mills,jamie.butler@example.com,650.123.5234,2016-08-17 00:00:00,754,Programmer
1084,Ellie,Hughes,leon.powell@example.com,650.127.1634,2016-04-10 00:00:00,798,Shipping Clerk
1085,Callum,Perkins,ivy.burns@example.com,515.124.4269,2016-06-17 00:00:00,624,Accountant
1086,Sonny,Warren,ivy.burns@example.com,650.505.2876,2016-01-13 00:00:00,946,Sales Representative
1087,Isabelle,Alexander,mohammad.peterson@example.com,650.124.1214,2016-09-17 00:00:00,685,Sales Representative
1088,Amelia,Warren,jessica.woods@example.com,515.127.4566,2016-03-10 00:00:00,896,Stock Clerk
1089,Maya,Cruz,ronnie.perry@example.com,515.124.4569,2016-03-24 00:00:00,849,Stock Clerk
1090,Eliza,Webb,albert.watson@example.com,011.44.1345.729268,2016-08-01 00:00:00,731,Shipping Clerk
1091,Callum,Bryant,dexter.barnes@example.com,650.127.1934,2016-01-27 00:00:00,798,Sales Manager
1092,Daisy,Robertson,lucy.crawford@example.com,650.501.2876,2016-08-01 00:00:00,856,Sales Manager
1093,Lilly,Rice,sienna.simpson@example.com,650.123.5234,2016-12-24 00:00:00,994,Shipping Clerk
1094,Summer,Grant,seth.foster@example.com,515.124.4569,2016-02-20 00:00:00,634,Sales Representative
1095,Eva,Gonzales,sophia.reynolds@example.com,515.123.4569,2016-05-01 00:00:00,992,Accountant
1096,Connor,Warren,ronnie.perry@example.com,650.507.9877,2016-02-06 00:00:00,641,Marketing Manager
1097,Kai,Marshall,bella.stone@example.com,650.501.4876,2016-12-24 00:00:00,843,Sales Representative
1098,Lucy,Sullivan,gracie.gardner@example.com,650.124.6234,2016-08-17 00:00:00,766,Shipping Clerk
1099,Callum,Marshall,daisy.ortiz@example.com,650.509.3876,2016-03-24 00:00:00,638,Sales Representative
1100,Seth,Rivera,tyler.ramirez@example.com,650.124.8234,2016-02-23 00:00:00,837,Sales Representative
1101,Ava,Grant,poppy.jordan@example.com,650.124.7234,2016-03-17 00:00:00,647,Stock Manager
1102,Elliot,Stephens,lilly.daniels@example.com,011.44.1344.498718,2016-01-30 00:00:00,906,Human Resources Representative
1103,Eliza,Black,ronnie.perry@example.com,011.44.1346.229268,2016-07-14 00:00:00,741,Stock Manager
1104,Evelyn,Simmons,ruby.mcdonald@example.com,011.44.1344.486508,2016-10-10 00:00:00,668,Shipping Clerk
1105,Elliott,Burns,evie.harrison@example.com,515.124.4169,2016-12-09 00:00:00,953,Programmer
1106,Frederick,Foster,caleb.diaz@example.com,011.44.1344.987668,2016-08-17 00:00:00,767,Shipping Clerk
1107,Isabelle,Kennedy,maisie.nichols@example.com,515.124.4569,2016-03-17 00:00:00,728,Sales Representative
1108,Sophie,Brooks,charlotte.webb@example.com,515.123.5555,2016-11-03 00:00:00,998,Shipping Clerk
1109,Louis,Rivera,bobby.torres@example.com,011.44.1344.619268,2016-12-19 00:00:00,886,Accountant
1110,Evie,Cole,molly.rice@example.com,650.121.1834,2016-09-17 00:00:00,728,Sales Representative
1111,Phoebe,Peterson,ruby.mcdonald@example.com,590.423.4560,2016-09-30 00:00:00,857,Shipping Clerk
1112,Abigail,Owens,jackson.coleman@example.com,011.44.1344.429278,2016-09-28 00:00:00,795,Stock Clerk
1113,Chloe,Gray,erin.gordon@example.com,650.121.2874,2016-10-10 00:00:00,1000,Stock Clerk
1114,Rosie,Washington,evelyn.tucker@example.com,650.121.2004,2016-07-11 00:00:00,784,Programmer
1115,Ronnie,Mason,erin.gordon@example.com,515.124.4569,2016-04-06 00:00:00,641,Stock Clerk
1116,Callum,Griffin,ellibrooks@example.com,650.123.1234,2016-04-23 00:00:00,713,Shipping Clerk
1117,Jessica,Robertson,freya.gomez@example.com,011.44.1345.629268,2016-11-03 00:00:00,764,Sales Representative
1118,Georgia,Hughes,ollie.bennett@example.com,011.44.1644.429263,2016-02-12 00:00:00,743,Stock Clerk
1119,Esme,Washington,ella.wallace@example.com,515.123.4569,2016-05-24 00:00:00,980,Stock Clerk
1120,Eleanor,Hawkins,mohammad.peterson@example.com,590.423.4560,2016-10-30 00:00:00,661,Shipping Clerk
1121,Emily,Knight,summer.payne@example.com,011.44.1644.429264,2016-12-15 00:00:00,967,Sales Representative
1122,Frederick,Kelly,elsie.henry@example.com,650.121.2994,2016-03-19 00:00:00,717,Purchasing Clerk
1123,Hannah,Gray,jamie.butler@example.com,515.127.4564,2016-03-24 00:00:00,888,Stock Clerk
1124,Tyler,Holmes,rosie.morales@example.com,650.501.1876,2016-02-20 00:00:00,764,Programmer
1125,Maisie,Hudson,thea.hawkins@example.com,011.44.1644.429262,2016-08-20 00:00:00,767,Sales Representative
1126,Rory,Boyd,blake.cooper@example.com,011.44.1343.529268,2016-08-16 00:00:00,820,Stock Clerk
1127,Isla,Bryant,hannah.knight@example.com,011.44.1346.329268,2016-08-17 00:00:00,991,Accountant
1128,Annabelle,Cox,eva.porter@example.com,011.44.1343.529268,2016-02-23 00:00:00,746,Accountant
1129,Rosie,Hicks,sofia.hicks@example.com,650.501.3876,2016-01-24 00:00:00,904,Stock Clerk
1130,Jude,Foster,summer.payne@example.com,650.501.2876,2016-01-24 00:00:00,702,Stock Clerk
1131,Tyler,Morales,summer.payne@example.com,011.44.1344.129268,2016-09-30 00:00:00,811,Sales Representative
1132,Florence,Dunn,lily.fisher@example.com,011.44.1346.229268,2016-02-07 00:00:00,690,Stock Clerk
1133,Kai,Porter,blake.cooper@example.com,650.121.1234,2016-11-03 00:00:00,697,Stock Clerk
1134,Ibrahim,Hudson,jessica.woods@example.com,011.44.1346.229268,2016-08-26 00:00:00,810,Purchasing Clerk
1135,Elsie,Bailey,freya.gomez@example.com,011.44.1344.467268,2016-09-28 00:00:00,879,Sales Representative
1136,Sophia,Watson,isla.graham@example.com,515.127.4562,2016-03-19 00:00:00,971,Shipping Clerk
1137,Evelyn,Owens,elizabeth.dixon@example.com,650.501.4876,2016-03-24 00:00:00,988,Shipping Clerk
1138,Ivy,Washington,rosie.morales@example.com,515.124.4269,2016-01-24 00:00:00,727,Accounting Manager
1139,Kai,Torres,elsie.henry@example.com,650.124.5234,2016-03-19 00:00:00,635,Stock Manager
1140,Charlotte,Griffin,jude.rivera@example.com,515.127.4564,2016-05-01 00:00:00,923,Stock Clerk
1141,Alex,Jordan,alex.sanders@example.com,650.121.1834,2016-03-23 00:00:00,925,Stock Clerk
1142,Millie,Fisher,isabelle.marshall@example.com,650.501.1876,2016-03-30 00:00:00,663,Stock Clerk
1143,Sofia,Sullivan,elizabeth.dixon@example.com,011.44.1344.429268,2016-11-03 00:00:00,867,Shipping Clerk
1144,Carter,Torres,poppy.jordan@example.com,650.507.9833,2016-12-09 00:00:00,907,Sales Representative
1145,Evelyn,Ferguson,isabella.cole@example.com,515.123.4569,2016-12-15 00:00:00,924,Shipping Clerk
1146,Sophia,Gardner,eva.porter@example.com,515.123.7777,2016-08-17 00:00:00,780,Shipping Clerk
1147,Austin,Flores,poppy.jordan@example.com,515.127.4563,2016-09-17 00:00:00,686,Purchasing Clerk
1148,Florence,James,eva.porter@example.com,011.44.1346.529268,2016-03-24 00:00:00,702,Stock Manager
1149,Kai,Kelly,carter.gonzales@example.com,515.124.4169,2016-09-28 00:00:00,733,Sales Representative
1150,Bella,Crawford,ellie.robertson@example.com,650.121.2994,2016-06-21 00:00:00,988,Sales Representative
1151,Carter,Reyes,carter.gonzales@example.com,650.501.3876,2016-09-21 00:00:00,959,Public Relations Representative
1152,Emma,Ellis,jaxon.ross@example.com,650.123.1234,2016-12-15 00:00:00,969,Shipping Clerk
1153,Elsie,Gonzales,harriet.ferguson@example.com,011.44.1344.429268,2016-03-30 00:00:00,865,Sales Manager
1154,Jackson,Hayes,chloe.cruz@example.com,011.44.1344.429268,2016-04-21 00:00:00,887,Shipping Clerk
1155,Lilly,Washington,isabelle.marshall@example.com,011.44.1346.229268,2016-06-07 00:00:00,684,Programmer
1156,Louie,Hamilton,bobby.torres@example.com,650.123.3234,2016-03-15 00:00:00,650,Sales Representative
1157,Freya,Hughes,jaxon.ross@example.com,515.124.4567,2016-08-16 00:00:00,821,Sales Representative
1158,Sophia,Cox,grace.ellis@example.com,515.124.4369,2016-08-17 00:00:00,615,Shipping Clerk
1159,Amelia,Simmons,bobby.torres@example.com,650.505.4876,2016-08-20 00:00:00,697,Purchasing Clerk
1160,Tommy,Robertson,sophie.owens@example.com,515.124.4567,2016-03-23 00:00:00,864,Sales Representative
1161,Ronnie,Daniels,alice.wells@example.com,650.505.2876,2016-06-24 00:00:00,878,Sales Representative
1162,Hannah,Ellis,gabriel.howard@example.com,650.121.2034,2016-07-09 00:00:00,663,Stock Clerk
1163,Connor,Griffin,ava.sullivan@example.com,650.121.2874,2016-06-14 00:00:00,807,Sales Representative
1164,Ruby,Porter,aaron.patterson@example.com,515.123.8181,2016-01-24 00:00:00,882,Shipping Clerk
1165,Callum,Cooper,mia.west@example.com,011.44.1344.498718,2016-10-15 00:00:00,720,Programmer
1166,Olivia,Watson,frederick.price@example.com,590.423.4569,2016-05-21 00:00:00,799,Sales Representative
1167,Ivy,Myers,daisy.ortiz@example.com,011.44.1644.429267,2016-03-04 00:00:00,861,Programmer
1168,Ellis,Jenkins,lucy.crawford@example.com,515.127.4566,2016-09-17 00:00:00,844,Programmer
1169,Isabelle,Ortiz,grace.ellis@example.com,011.44.1644.429265,2016-12-09 00:00:00,932,Stock Clerk
1170,Summer,Wells,jude.rivera@example.com,011.44.1344.429018,2016-12-24 00:00:00,603,Shipping Clerk
1171,Lola,Ford,grace.ellis@example.com,011.44.1644.429265,2016-06-25 00:00:00,892,Stock Clerk
1172,Sophie,Hunter,ruby.mcdonald@example.com,650.124.5234,2016-09-30 00:00:00,794,Programmer
1173,Lily,Powell,emilia.holmes@example.com,650.127.1634,2016-01-29 00:00:00,855,Purchasing Manager
1174,Daisy,Marshall,layla.mason@example.com,590.423.4567,2016-02-05 00:00:00,678,Finance Manager
1175,Ivy,Burns,eleanor.grant@example.com,011.44.1343.829268,2016-12-07 00:00:00,864,Stock Clerk
1176,Amber,Powell,ellie.robertson@example.com,011.44.1344.429268,2016-06-24 00:00:00,771,Shipping Clerk
1177,Emma,Kennedy,emilia.holmes@example.com,011.44.1345.729268,2016-04-10 00:00:00,647,Stock Clerk
1178,Louie,Cox,daisy.ortiz@example.com,650.123.3234,2016-07-11 00:00:00,781,Sales Representative
1179,Sophie,Peterson,bobby.torres@example.com,650.124.1224,2016-02-12 00:00:00,687,Sales Manager
1180,Liam,Morales,leon.powell@example.com,650.509.1876,2016-01-24 00:00:00,926,Stock Clerk
1181,Amelia,Burns,isla.graham@example.com,590.423.4569,2016-07-24 00:00:00,687,Stock Clerk
1182,Liam,Holmes,bella.stone@example.com,011.44.1644.429267,2016-01-13 00:00:00,791,Programmer
1183,Elliot,Diaz,blake.cooper@example.com,011.44.1344.129268,2016-07-18 00:00:00,693,Stock Clerk
1184,Austin,Holmes,bobby.torres@example.com,590.423.4560,2016-12-24 00:00:00,943,Programmer
1185,Sofia,Torres,jasmine.hunt@example.com,515.123.7777,2016-02-03 00:00:00,946,Sales Representative
1186,Eva,Dixon,ollie.bennett@example.com,011.44.1344.486508,2016-11-11 00:00:00,653,Stock Clerk
1187,Lilly,Hudson,ronnie.perry@example.com,011.44.1344.987668,2016-12-24 00:00:00,885,Stock Clerk
1188,Maya,Dunn,jude.rivera@example.com,515.124.4469,2016-10-17 00:00:00,628,Shipping Clerk
1189,Rory,Warren,louis.wood@example.com,650.501.1876,2016-12-19 00:00:00,841,Sales Representative
1190,Phoebe,Webb,olivia.ford@example.com,650.121.2034,2016-08-17 00:00:00,932,Shipping Clerk
1191,Ollie,Barnes,nathan.cox@example.com,650.121.2004,2016-07-16 00:00:00,985,Shipping Clerk
1192,Lola,Hunter,charlotte.webb@example.com,515.123.8181,2016-07-14 00:00:00,825,Programmer
1193,Amber,Peterson,elizabeth.dixon@example.com,650.507.9811,2016-09-17 00:00:00,622,Stock Clerk
1194,Austin,Hicks,charles.ward@example.com,650.127.1834,2016-04-06 00:00:00,942,Stock Manager
1195,Emma,Hughes,caleb.diaz@example.com,650.124.1434,2016-12-12 00:00:00,820,Programmer
1196,Daisy,Ross,emily.hamilton@example.com,515.127.4566,2016-03-19 00:00:00,881,Stock Clerk
1197,Evelyn,Ellis,isabelle.marshall@example.com,011.44.1644.429262,2016-04-24 00:00:00,692,Shipping Clerk
1198,Lily,Fisher,kai.long@example.com,515.123.4568,2016-07-18 00:00:00,829,Shipping Clerk
1199,Eliza,Washington,sonny.russell@example.com,650.124.1334,2016-06-14 00:00:00,830,Programmer
1200,Roman,Marshall,callum.jenkins@example.com,011.44.1344.467268,2016-09-28 00:00:00,648,Accountant
1201,Rosie,Simmons,ellie.robertson@example.com,650.505.4876,2016-03-17 00:00:00,715,Sales Representative
1202,Alice,Ward,liam.henderson@example.com,515.127.4564,2016-11-23 00:00:00,747,Shipping Clerk
1203,Millie,Stone,frederick.price@example.com,650.121.2994,2016-01-24 00:00:00,908,Stock Clerk
1204,Austin,Tucker,erin.gordon@example.com,650.501.4876,2016-12-07 00:00:00,930,Purchasing Clerk
1205,Sophie,Foster,roman.hughes@example.com,650.121.1834,2016-07-14 00:00:00,915,Stock Clerk
1206,Olivia,Ford,seth.foster@example.com,650.507.9833,2016-09-28 00:00:00,854,Stock Clerk
1207,Jaxon,Russell,summer.payne@example.com,011.44.1344.987668,2016-06-25 00:00:00,607,Sales Representative
1208,Chloe,Flores,sonny.russell@example.com,011.44.1346.229268,2016-02-03 00:00:00,782,Sales Manager
1209,Amelia,Ellis,tommy.bailey@example.com,650.505.4876,2016-08-16 00:00:00,711,Programmer
1210,Emily,Foster,abigail.palmer@example.com,650.123.3234,2016-02-03 00:00:00,975,Accountant
1211,Callum,Ross,charles.ward@example.com,011.44.1344.498718,2016-01-27 00:00:00,999,Stock Manager
1212,Jude,Sullivan,eva.porter@example.com,011.44.1344.129268,2016-01-29 00:00:00,842,Stock Clerk
1213,Abigail,Diaz,lilly.daniels@example.com,650.121.1834,2016-07-01 00:00:00,922,Accountant
1214,Felix,Washington,seth.foster@example.com,650.123.2234,2016-10-10 00:00:00,967,Sales Representative
1215,Lily,Perkins,lucy.crawford@example.com,515.124.4567,2016-09-30 00:00:00,864,Stock Clerk
1216,Ivy,Cruz,rory.kelly@example.com,011.44.1345.729268,2016-04-06 00:00:00,709,Sales Representative
1217,Seth,Ramos,bella.stone@example.com,650.124.7234,2016-03-24 00:00:00,627,Shipping Clerk
1218,Ellis,Shaw,holly.shaw@example.com,650.127.1934,2016-02-12 00:00:00,854,Sales Manager
1219,Carter,Hunter,jude.rivera@example.com,515.124.4369,2016-09-30 00:00:00,629,Marketing Manager
1220,Kian,Brooks,elizabeth.dixon@example.com,650.121.2874,2016-12-12 00:00:00,610,Stock Clerk
1221,Georgia,Webb,connor.hayes@example.com,515.127.4565,2016-01-05 00:00:00,605,Finance Manager
1222,Emilia,Cole,scarlett.gibson@example.com,515.123.4569,2016-12-07 00:00:00,749,Shipping Clerk
1223,Maya,Bailey,frederick.price@example.com,011.44.1344.429018,2016-07-11 00:00:00,869,Sales Manager
1224,Jasmine,Mason,elliott.james@example.com,603.123.6666,2016-08-26 00:00:00,723,Shipping Clerk
1225,Gabriel,Gray,callum.jenkins@example.com,011.44.1344.429278,2016-06-25 00:00:00,642,Sales Representative
1226,Alice,Owens,ruby.mcdonald@example.com,515.123.4567,2016-01-27 00:00:00,752,Marketing Manager
1227,Evelyn,Warren,lucy.crawford@example.com,515.127.4565,2016-03-11 00:00:00,848,Sales Representative
1228,Willow,Cruz,charlotte.webb@example.com,011.44.1344.987668,2016-06-24 00:00:00,839,Sales Representative
1229,Scarlett,Ortiz,amelia.myers@example.com,515.127.4564,2016-04-23 00:00:00,690,Stock Clerk
1230,Matilda,Gray,eleanor.grant@example.com,011.44.1644.429266,2016-09-28 00:00:00,869,Shipping Clerk
1231,Rory,Diaz,elizabeth.dixon@example.com,011.44.1344.429278,2016-01-24 00:00:00,716,Shipping Clerk
1232,Grace,Wood,ruby.mcdonald@example.com,650.507.9878,2016-06-25 00:00:00,778,Shipping Clerk
1233,Emilia,Gonzales,charles.ward@example.com,515.123.8181,2016-12-07 00:00:00,978,Stock Manager
1234,Maisie,Robertson,callum.jenkins@example.com,011.44.1344.429278,2016-11-03 00:00:00,748,Sales Representative
1235,Lola,Howard,callum.jenkins@example.com,515.124.4469,2016-06-21 00:00:00,976,Purchasing Clerk
1236,Elsie,Fisher,carter.gonzales@example.com,650.505.3876,2016-03-19 00:00:00,983,Programmer
1237,Phoebe,Daniels,lilly.daniels@example.com,011.44.1343.729268,2016-08-20 00:00:00,613,Purchasing Clerk
1238,Kian,Ortiz,millie.hunter@example.com,011.44.1343.929268,2016-09-17 00:00:00,725,Sales Representative
1239,Daisy,Tucker,gabriel.howard@example.com,011.44.1344.429018,2016-09-30 00:00:00,661,Sales Manager
1240,Harriet,James,daisy.ortiz@example.com,515.127.4562,2016-03-10 00:00:00,774,Stock Clerk
1241,Eliza,Wells,ruby.mcdonald@example.com,515.123.8181,2016-08-13 00:00:00,636,Shipping Clerk
1242,Ollie,Butler,austin.flores@example.com,590.423.4560,2016-10-10 00:00:00,922,Sales Representative
1243,Georgia,Ramirez,phoebe.murray@example.com,515.123.5555,2016-08-17 00:00:00,913,Shipping Clerk
1244,Rose,Knight,maisie.nichols@example.com,650.507.9844,2016-11-11 00:00:00,621,Shipping Clerk
1245,Jude,Ferguson,elsie.henry@example.com,650.124.6234,2016-05-01 00:00:00,708,Stock Clerk
1246,Charlotte,Stevens,ryan.gray@example.com,650.121.1834,2016-10-15 00:00:00,756,Stock Clerk
1247,Mohammad,Peterson,aaron.patterson@example.com,515.123.4569,2016-10-01 00:00:00,815,Stock Clerk
1248,Amelia,Cooper,molly.rice@example.com,650.121.2994,2016-07-09 00:00:00,802,Sales Manager
1249,Charlotte,Bailey,lily.fisher@example.com,650.121.1234,2016-02-12 00:00:00,851,Accountant
1250,Eleanor,Morales,carter.gonzales@example.com,515.127.4565,2016-03-19 00:00:00,733,Programmer
1251,Lola,Sullivan,ibrahim.alexander@example.com,011.44.1343.929268,2016-06-24 00:00:00,824,Stock Clerk
1252,Maya,Kelly,charles.ward@example.com,011.44.1344.486508,2016-11-03 00:00:00,618,Stock Clerk
1253,Ella,Gardner,elizabeth.dixon@example.com,011.44.1344.429018,2016-01-13 00:00:00,719,Sales Manager
1254,Aaron,Hicks,ibrahim.alexander@example.com,650.121.1234,2016-09-30 00:00:00,862,Shipping Clerk
1255,Gabriel,Ramos,ronnie.perry@example.com,650.501.3876,2016-03-04 00:00:00,645,Shipping Clerk
1256,Felix,Boyd,jessica.woods@example.com,515.127.4563,2016-04-10 00:00:00,947,Sales Representative
1257,Kai,Freeman,emily.hamilton@example.com,650.123.3234,2016-03-24 00:00:00,848,Purchasing Clerk
1258,Reggie,Griffin,liam.henderson@example.com,650.507.9833,2016-05-24 00:00:00,958,Sales Representative
1259,Daisy,Rivera,maya.kennedy@example.com,011.44.1344.467268,2016-09-30 00:00:00,660,Sales Manager
1260,Layla,Butler,sonny.russell@example.com,650.123.5234,2016-02-23 00:00:00,678,Stock Manager
1261,Austin,Flores,ellie.robertson@example.com,650.124.1214,2016-01-13 00:00:00,719,Shipping Clerk
1262,Maya,Webb,elsie.henry@example.com,650.124.8234,2016-02-07 00:00:00,904,Sales Representative
1263,Harriet,Mcdonald,georgia.mills@example.com,011.44.1343.629268,2016-02-06 00:00:00,755,Programmer
1264,Erin,Fisher,liam.henderson@example.com,011.44.1346.529268,2016-08-20 00:00:00,817,Sales Representative
1265,Jaxon,Butler,kian.griffin@example.com,011.44.1644.429264,2016-08-20 00:00:00,896,Stock Manager
1266,Austin,Wood,willow.reyes@example.com,650.123.2234,2016-03-19 00:00:00,873,Shipping Clerk
1267,Molly,Nichols,imogen.boyd@example.com,650.505.3876,2016-03-23 00:00:00,711,Shipping Clerk
1268,Harriet,Hicks,olivia.ford@example.com,011.44.1343.829268,2016-02-05 00:00:00,780,Sales Representative
1269,Matilda,Fisher,georgia.mills@example.com,650.505.3876,2016-11-23 00:00:00,744,Shipping Clerk
1270,Elsie,Stevens,emma.perkins@example.com,590.423.4560,2016-01-24 00:00:00,608,Stock Manager
1271,Elizabeth,Ross,ryan.gray@example.com,650.507.9822,2016-08-17 00:00:00,638,Sales Representative
1272,Florence,Gordon,daisy.ortiz@example.com,011.44.1644.429262,2016-06-17 00:00:00,674,Shipping Clerk
1273,Florence,Hudson,ellibrooks@example.com,011.44.1343.929268,2016-12-07 00:00:00,653,Stock Clerk
1274,Hannah,Webb,ruby.mcdonald@example.com,011.44.1644.429266,2016-12-09 00:00:00,954,Stock Manager
1275,Ronnie,Rivera,abigail.palmer@example.com,515.123.5555,2016-12-12 00:00:00,891,Marketing Representative
1276,Erin,Rose,rosie.morales@example.com,650.509.2876,2016-08-20 00:00:00,723,Stock Clerk
1277,Phoebe,Crawford,rosie.morales@example.com,011.44.1344.429278,2016-06-24 00:00:00,924,Public Relations Representative
1278,Lilly,Perry,bobby.torres@example.com,650.507.9876,2016-07-18 00:00:00,966,Shipping Clerk
1279,Daisy,Daniels,harriet.ferguson@example.com,650.507.9822,2016-08-10 00:00:00,824,Programmer
1280,Eliza,Kennedy,bella.stone@example.com,650.127.1634,2016-02-05 00:00:00,826,Sales Representative
1281,Gracie,Gonzales,ruby.mcdonald@example.com,650.121.1234,2016-10-26 00:00:00,666,Programmer
1282,Gabriel,Gardner,lucy.crawford@example.com,011.44.1344.345268,2016-05-01 00:00:00,960,Shipping Clerk
1283,Leon,Mills,rory.kelly@example.com,011.44.1644.429263,2016-06-24 00:00:00,672,Sales Representative
1284,Alice,Mcdonald,emily.hamilton@example.com,515.123.7777,2016-09-17 00:00:00,833,Sales Representative
1285,Lilly,Bennett,jaxon.ross@example.com,011.44.1346.629268,2016-03-19 00:00:00,917,Shipping Clerk
1286,Florence,Hughes,emily.hamilton@example.com,011.44.1346.329268,2016-08-17 00:00:00,968,Sales Representative
1287,Louis,Henderson,louie.richardson@example.com,650.121.1834,2016-09-17 00:00:00,752,Shipping Clerk
1288,Molly,Henderson,maisie.nichols@example.com,650.509.2876,2016-05-23 00:00:00,771,Shipping Clerk
1289,Sofia,Stevens,jackson.coleman@example.com,650.121.1834,2016-02-03 00:00:00,802,Shipping Clerk
1290,Millie,Myers,charles.ward@example.com,650.505.3876,2016-04-24 00:00:00,641,Stock Clerk
1291,Charlotte,Russell,roman.hughes@example.com,515.124.4569,2016-08-16 00:00:00,877,Stock Clerk
1292,Ava,Griffin,sophia.reynolds@example.com,011.44.1345.729268,2016-04-06 00:00:00,888,Sales Representative
1293,Jasmine,Fisher,rose.stephens@example.com,515.124.4567,2016-08-16 00:00:00,833,Stock Clerk
1294,Carter,Mills,lilly.daniels@example.com,650.121.1834,2016-01-05 00:00:00,926,Programmer
1295,Florence,Sanders,seth.foster@example.com,011.44.1644.429264,2016-11-23 00:00:00,693,Sales Representative
1296,Emilia,Foster,sophie.owens@example.com,650.507.9844,2016-06-14 00:00:00,764,Programmer
1297,Elsie,Kelly,lucy.crawford@example.com,650.507.9876,2016-08-16 00:00:00,733,Sales Representative
1298,Elliott,Diaz,alex.sanders@example.com,650.121.2994,2016-08-17 00:00:00,817,Sales Representative
1299,Jaxon,Holmes,connor.hayes@example.com,650.124.6234,2016-03-15 00:00:00,996,Shipping Clerk
1300,Elliot,Gardner,louis.wood@example.com,011.44.1644.429266,2016-01-14 00:00:00,962,Sales Representative
1301,Ryan,Mason,isla.graham@example.com,650.124.8234,2016-05-24 00:00:00,895,Administration Vice President
1302,Reggie,Fisher,amelie.hudson@example.com,515.123.8181,2016-08-20 00:00:00,955,Programmer
1303,Reggie,Dixon,lilly.daniels@example.com,650.124.7234,2016-09-17 00:00:00,827,Programmer
1304,Leon,Diaz,annabelle.dunn@example.com,011.44.1346.529268,2016-08-17 00:00:00,826,Shipping Clerk
1305,Sophia,Mason,lily.fisher@example.com,515.123.5555,2016-04-10 00:00:00,811,Marketing Manager
1306,Alex,Foster,harper.spencer@example.com,515.123.5555,2016-03-15 00:00:00,720,Shipping Clerk
1307,Imogen,Bailey,hannah.knight@example.com,011.44.1344.478968,2016-08-01 00:00:00,929,Sales Representative
1308,Dexter,Cruz,elsie.henry@example.com,650.127.1834,2016-12-12 00:00:00,955,Stock Clerk
1309,Willow,Sanders,mia.west@example.com,515.127.4566,2016-10-10 00:00:00,605,Accountant
1310,Lucy,Warren,ellibrooks@example.com,650.121.2034,2016-07-16 00:00:00,639,Sales Representative
1311,Tommy,Kelly,ibrahim.alexander@example.com,650.124.5234,2016-07-14 00:00:00,857,Stock Clerk
1312,Esme,Ortiz,amelia.myers@example.com,650.124.6234,2016-07-09 00:00:00,857,Stock Manager
1313,Elliott,Gardner,sonny.russell@example.com,650.121.2994,2016-07-14 00:00:00,888,Stock Clerk
1314,Leon,Bailey,gabriel.howard@example.com,515.127.4565,2016-03-15 00:00:00,706,Stock Manager
1315,Blake,Dixon,amber.rose@example.com,650.507.9877,2016-12-09 00:00:00,714,Shipping Clerk
1316,Louie,Ferguson,louie.richardson@example.com,650.124.5234,2016-04-10 00:00:00,857,Sales Representative
1317,Chloe,Wood,harriet.ferguson@example.com,650.123.2234,2016-03-11 00:00:00,751,Sales Manager
1318,Lilly,Fisher,aaron.patterson@example.com,011.44.1346.729268,2016-05-18 00:00:00,746,Shipping Clerk
1319,Elizabeth,Cooper,freya.gomez@example.com,515.123.5555,2016-02-07 00:00:00,854,Accountant
1320,Gracie,Alexander,sofia.hicks@example.com,650.121.1234,2016-04-24 00:00:00,638,Human Resources Representative
1321,Sophie,Gonzales,scarlett.gibson@example.com,011.44.1344.345268,2016-09-28 00:00:00,744,Stock Clerk
1322,Ellie,Tucker,eleanor.grant@example.com,011.44.1343.829268,2016-10-17 00:00:00,937,Shipping Clerk
1323,Aaron,Palmer,sophie.owens@example.com,011.44.1344.478968,2016-01-14 00:00:00,731,Stock Clerk
1324,Eliza,Mason,holly.shaw@example.com,650.121.2874,2016-11-03 00:00:00,935,Shipping Clerk
1325,Hannah,Wells,ruby.mcdonald@example.com,515.123.8888,2016-07-16 00:00:00,764,Stock Manager
1326,Evie,Reyes,connor.hayes@example.com,650.501.4876,2016-03-15 00:00:00,710,Purchasing Clerk
1327,Amelia,Hunter,emma.perkins@example.com,011.44.1644.429267,2016-09-30 00:00:00,800,Stock Clerk
1328,Rose,Russell,gabriel.howard@example.com,650.124.1224,2016-03-24 00:00:00,970,Shipping Clerk
1329,Blake,Mills,isabelle.marshall@example.com,515.123.4567,2016-02-05 00:00:00,793,Stock Clerk
1330,Roman,Fisher,bella.stone@example.com,650.121.2874,2016-06-07 00:00:00,981,Stock Clerk
1331,Ellis,Graham,millie.hunter@example.com,650.505.2876,2016-01-24 00:00:00,819,Sales Manager
1332,Caleb,Tucker,maisie.nichols@example.com,650.121.2034,2016-06-25 00:00:00,735,Purchasing Manager
1333,Ibrahim,Daniels,isla.graham@example.com,650.127.1634,2016-08-13 00:00:00,886,Programmer
1334,Felix,Hawkins,tommy.bailey@example.com,515.123.5555,2016-03-17 00:00:00,914,Shipping Clerk
1335,Ellie,Hunter,molly.rice@example.com,650.505.4876,2016-12-24 00:00:00,946,Sales Manager
1336,Daisy,Webb,louie.richardson@example.com,650.121.2034,2016-06-21 00:00:00,897,Sales Manager
1337,Millie,Dixon,amelie.hudson@example.com,515.123.4444,2016-02-06 00:00:00,842,Sales Representative
1338,Esme,Ramirez,amelie.hudson@example.com,650.507.9877,2016-08-26 00:00:00,654,Stock Clerk
1339,Jaxon,Gray,eleanor.grant@example.com,650.124.1224,2016-06-21 00:00:00,741,Stock Manager
1340,Hannah,Ramirez,willow.reyes@example.com,650.501.1876,2016-05-11 00:00:00,694,Sales Representative
1341,Emilia,Reyes,jackson.coleman@example.com,650.123.2234,2016-08-13 00:00:00,885,Shipping Clerk
1342,Louis,Mcdonald,mia.west@example.com,011.44.1346.329268,2016-03-08 00:00:00,651,Sales Representative
1343,Elliot,Daniels,louis.wood@example.com,650.507.9879,2016-05-21 00:00:00,977,Programmer
1344,Ivy,Rivera,leon.powell@example.com,011.44.1344.486508,2016-08-01 00:00:00,975,Sales Representative
1345,Harper,Ramos,ollie.bennett@example.com,650.127.1934,2016-02-17 00:00:00,626,Stock Clerk
1346,Sienna,Simpson,elliott.james@example.com,590.423.4569,2016-07-24 00:00:00,698,Purchasing Clerk
1347,Liam,Cole,mohammad.peterson@example.com,515.124.4567,2016-02-23 00:00:00,729,Shipping Clerk
1348,Sophie,Cox,imogen.boyd@example.com,650.124.1334,2016-06-25 00:00:00,618,Sales Representative
1349,Jude,Rose,matilda.stevens@example.com,011.44.1344.498718,2016-06-24 00:00:00,716,Accountant
1350,Poppy,Dixon,kian.griffin@example.com,011.44.1344.345268,2016-04-24 00:00:00,663,Administration Vice President
1351,Lilly,Jenkins,callum.jenkins@example.com,011.44.1344.486508,2016-12-19 00:00:00,687,Stock Clerk
1352,Blake,Price,thea.hawkins@example.com,590.423.5567,2016-08-17 00:00:00,748,Sales Representative
1353,Willow,Wood,bella.stone@example.com,590.423.5567,2016-07-24 00:00:00,841,Shipping Clerk
1354,Matilda,Bailey,callum.jenkins@example.com,011.44.1344.467268,2016-10-15 00:00:00,637,Sales Representative
1355,Isabella,Wells,willow.reyes@example.com,515.127.4563,2016-05-01 00:00:00,878,Shipping Clerk
1356,Nathan,Graham,isabella.cole@example.com,650.124.6234,2016-10-15 00:00:00,709,Sales Manager
1357,Lily,Hunt,callum.jenkins@example.com,011.44.1343.529268,2016-12-07 00:00:00,872,Stock Clerk
1358,Ellis,Kelly,poppy.jordan@example.com,011.44.1346.629268,2016-02-05 00:00:00,967,Shipping Clerk
1359,Chloe,Hamilton,rosie.morales@example.com,515.123.4444,2016-06-25 00:00:00,613,Administration Vice President
1360,Elliot,Webb,evelyn.tucker@example.com,011.44.1346.629268,2016-04-10 00:00:00,697,Shipping Clerk
1361,Grace,Bailey,amber.rose@example.com,650.509.4876,2016-12-12 00:00:00,755,Sales Representative
1362,Abigail,Price,rosie.morales@example.com,011.44.1644.429267,2016-06-24 00:00:00,994,Purchasing Clerk
1363,Sofia,Russell,amelia.myers@example.com,650.507.9876,2016-10-01 00:00:00,926,Programmer
1364,Ellie,Cruz,lola.ramos@example.com,011.44.1344.478968,2016-02-20 00:00:00,741,Programmer
1365,Imogen,Perry,erin.gordon@example.com,650.509.1876,2016-03-24 00:00:00,936,Shipping Clerk
1366,Summer,Cox,ava.sullivan@example.com,011.44.1343.829268,2016-02-23 00:00:00,914,Sales Representative
1367,Sophia,Burns,gabriel.howard@example.com,650.505.2876,2016-04-10 00:00:00,854,Marketing Manager
1368,Sophia,Ellis,isabella.cole@example.com,650.121.2034,2016-01-29 00:00:00,783,Stock Clerk
1369,Gabriel,Ellis,ibrahim.alexander@example.com,650.127.1834,2016-04-21 00:00:00,700,Shipping Clerk
1370,Evie,Ford,maisie.nichols@example.com,650.123.2234,2016-04-06 00:00:00,635,Programmer
1371,Evie,Boyd,emma.perkins@example.com,011.44.1644.429265,2016-04-21 00:00:00,609,Stock Clerk
1372,Tommy,Washington,roman.hughes@example.com,590.423.5567,2016-03-10 00:00:00,728,Programmer
1373,Seth,Ortiz,hannah.knight@example.com,650.507.9879,2016-05-23 00:00:00,929,Programmer
1374,Chloe,Fisher,charles.ward@example.com,650.509.3876,2016-02-20 00:00:00,607,Stock Clerk
1375,Austin,Mcdonald,eleanor.grant@example.com,011.44.1344.486508,2016-11-03 00:00:00,917,Sales Representative
1376,Callum,Graham,ryan.gray@example.com,590.423.4560,2016-11-23 00:00:00,868,Stock Clerk
1377,Evelyn,Ward,sophia.reynolds@example.com,011.44.1644.429267,2016-11-15 00:00:00,648,Stock Manager
1378,Callum,Ellis,annabelle.dunn@example.com,011.44.1345.829268,2016-05-24 00:00:00,612,Stock Clerk
1379,Imogen,Dunn,imogen.boyd@example.com,011.44.1346.129268,2016-04-21 00:00:00,793,Shipping Clerk
1380,Emilia,Harrison,ronnie.perry@example.com,011.44.1344.987668,2016-05-01 00:00:00,997,Sales Representative
1381,Elsie,Morales,aaron.patterson@example.com,011.44.1644.429266,2016-09-17 00:00:00,940,Sales Representative
1382,Lilly,Rivera,maisie.nichols@example.com,650.505.2876,2016-08-20 00:00:00,702,Sales Representative
1383,Molly,Peterson,ronnie.perry@example.com,590.423.4560,2016-12-15 00:00:00,842,Human Resources Representative
1384,Sophie,Rivera,ollie.bennett@example.com,650.507.9877,2016-03-24 00:00:00,638,Accountant
1385,Summer,Price,emilia.holmes@example.com,650.121.2004,2016-02-06 00:00:00,867,Sales Representative
1386,Ella,Mills,emily.hamilton@example.com,011.44.1344.429268,2016-01-24 00:00:00,847,Stock Manager
1387,Elliot,Owens,esme.warren@example.com,011.44.1346.529268,2016-02-23 00:00:00,984,Marketing Representative
1388,Imogen,Mills,maisie.nichols@example.com,011.44.1344.345268,2016-08-17 00:00:00,831,Purchasing Clerk
1389,Amelia,Henderson,abigail.palmer@example.com,011.44.1344.129268,2016-11-23 00:00:00,818,Shipping Clerk
1390,Leon,Perkins,sophia.reynolds@example.com,011.44.1346.529268,2016-06-25 00:00:00,889,Sales Representative
1391,Liam,Howard,tyler.ramirez@example.com,515.123.4569,2016-12-24 00:00:00,676,Sales Representative
1392,Lucy,Ford,elizabeth.dixon@example.com,650.505.4876,2016-09-17 00:00:00,975,Stock Clerk
1393,Emilia,Holmes,thea.hawkins@example.com,011.44.1644.429265,2016-07-14 00:00:00,636,Sales Representative
1394,Sienna,Burns,olivia.ford@example.com,650.127.1934,2016-10-15 00:00:00,808,Shipping Clerk
1395,Elizabeth,Hayes,gracie.gardner@example.com,515.127.4566,2016-06-14 00:00:00,925,Accountant
1396,Lily,Ford,jackson.coleman@example.com,515.123.4568,2016-10-01 00:00:00,820,Shipping Clerk
1397,Eliza,Sullivan,charles.ward@example.com,650.121.2994,2016-02-16 00:00:00,655,Administration Vice President
1398,Evelyn,Kennedy,harper.spencer@example.com,011.44.1346.729268,2016-01-24 00:00:00,769,Programmer
1399,Tommy,Hawkins,grace.ellis@example.com,650.505.4876,2016-01-24 00:00:00,650,Sales Representative
1400,Sonny,Diaz,ellie.robertson@example.com,515.124.4369,2016-04-06 00:00:00,673,Accountant
1401,Jude,Gomez,gracie.gardner@example.com,011.44.1346.329268,2016-11-23 00:00:00,818,Sales Representative
1402,Ruby,Grant,maisie.nichols@example.com,650.507.9877,2016-08-26 00:00:00,957,Purchasing Clerk
1403,Millie,Peterson,charlotte.webb@example.com,011.44.1644.429263,2016-12-24 00:00:00,855,Stock Clerk
1404,Eliza,Long,amelia.myers@example.com,650.124.8234,2016-10-01 00:00:00,665,Stock Clerk
1405,Charlotte,Stone,jackson.coleman@example.com,515.124.4569,2016-03-08 00:00:00,982,Stock Clerk
1406,Rosie,Griffin,matilda.stevens@example.com,011.44.1345.829268,2016-04-23 00:00:00,763,Sales Manager
1407,Elliott,Price,esme.warren@example.com,650.127.1634,2016-06-21 00:00:00,612,Human Resources Representative
1408,Millie,Grant,isabella.cole@example.com,515.124.4469,2016-09-30 00:00:00,935,Public Accountant
1409,Leon,Burns,hannah.knight@example.com,011.44.1343.729268,2016-07-24 00:00:00,901,Administration Vice President
1410,Elliot,Grant,summer.payne@example.com,650.124.1334,2016-06-21 00:00:00,768,Stock Clerk
1411,Kian,Black,sienna.simpson@example.com,650.121.1834,2016-12-19 00:00:00,868,Shipping Clerk
1412,Frederick,James,ellibrooks@example.com,011.44.1345.429268,2016-03-17 00:00:00,821,Programmer
1413,Freya,Grant,sofia.hicks@example.com,011.44.1344.129268,2016-01-14 00:00:00,917,Programmer
1414,Harper,Owens,ruby.mcdonald@example.com,515.124.4469,2016-04-10 00:00:00,905,Purchasing Clerk
1415,Jackson,Dunn,tommy.bailey@example.com,515.123.7777,2016-01-13 00:00:00,754,Sales Manager
1416,Frederick,James,daisy.ortiz@example.com,650.127.1734,2016-07-18 00:00:00,769,Stock Clerk
1417,Sienna,Spencer,louie.richardson@example.com,515.127.4562,2016-04-23 00:00:00,777,Shipping Clerk
1418,Gracie,Ferguson,ruby.mcdonald@example.com,011.44.1345.429268,2016-12-19 00:00:00,812,Shipping Clerk
1419,Amelia,Kennedy,sonny.russell@example.com,011.44.1344.429278,2016-11-03 00:00:00,975,Shipping Clerk
1420,Gabriel,Black,harriet.ferguson@example.com,011.44.1344.429278,2016-03-17 00:00:00,811,Human Resources Representative
1421,Sonny,Ross,chloe.cruz@example.com,650.505.1876,2016-03-08 00:00:00,900,Stock Manager
1422,Jude,Mcdonald,ellis.washington@example.com,650.124.5234,2016-07-14 00:00:00,968,Stock Clerk
1423,Sophie,Palmer,eleanor.grant@example.com,011.44.1345.429268,2016-09-30 00:00:00,719,Accountant
1424,Sophia,Brooks,lily.fisher@example.com,515.124.4169,2016-03-04 00:00:00,913,Purchasing Clerk
1425,Reggie,Jordan,willow.reyes@example.com,650.509.2876,2016-07-16 00:00:00,781,Programmer
1426,Evie,Alexander,sofia.hicks@example.com,515.127.4563,2016-05-01 00:00:00,661,Shipping Clerk
1427,Reggie,Reyes,lily.fisher@example.com,650.127.1634,2016-04-10 00:00:00,936,Sales Representative
1428,Alex,Watson,eva.porter@example.com,011.44.1343.929268,2016-03-07 00:00:00,752,Sales Manager
1429,Isabella,Reynolds,jasmine.hunt@example.com,650.121.2004,2016-03-19 00:00:00,796,Purchasing Clerk
1430,Molly,Wood,emilia.holmes@example.com,650.123.2234,2016-03-23 00:00:00,765,Accounting Manager
1431,Ollie,Boyd,seth.foster@example.com,590.423.4569,2016-01-03 00:00:00,970,Stock Clerk
1432,Lily,Gray,bella.stone@example.com,011.44.1346.629268,2016-03-08 00:00:00,916,Stock Clerk
1433,Ava,Ortiz,rosie.morales@example.com,650.124.1214,2016-06-14 00:00:00,919,Stock Clerk
1434,Roman,Griffin,sophia.reynolds@example.com,650.501.1876,2016-01-24 00:00:00,757,Purchasing Clerk
1435,Roman,Shaw,ava.sullivan@example.com,011.44.1344.498718,2016-06-21 00:00:00,841,Stock Clerk
1436,Alice,Hughes,emily.hamilton@example.com,515.127.4561,2016-03-10 00:00:00,947,Shipping Clerk
1437,Kai,Hawkins,jude.rivera@example.com,515.124.4269,2016-06-24 00:00:00,723,Shipping Clerk
1438,Florence,Foster,holly.shaw@example.com,650.121.1234,2016-04-23 00:00:00,993,Shipping Clerk
1439,Rose,Patterson,louis.wood@example.com,011.44.1344.987668,2016-12-24 00:00:00,774,Stock Clerk
1440,Kai,Burns,charles.ward@example.com,011.44.1344.478968,2016-03-08 00:00:00,753,Stock Manager
1441,Olivia,Ross,ava.sullivan@example.com,515.123.8888,2016-08-10 00:00:00,914,Sales Manager
1442,Emma,Warren,rory.kelly@example.com,011.44.1344.486508,2016-06-07 00:00:00,886,Purchasing Clerk
1443,Seth,Rose,isabella.cole@example.com,650.121.2874,2016-08-13 00:00:00,838,Shipping Clerk
1444,Isabelle,Alexander,hannah.knight@example.com,011.44.1346.629268,2016-04-23 00:00:00,960,Shipping Clerk
1445,Holly,Nichols,aaron.patterson@example.com,515.124.4567,2016-11-23 00:00:00,879,Stock Manager
1446,Elliott,Woods,isla.graham@example.com,650.505.2876,2016-03-17 00:00:00,842,Sales Representative
1447,Rory,Perry,lily.fisher@example.com,650.505.3876,2016-05-24 00:00:00,740,Stock Clerk
1448,Rosie,Cooper,daisy.ortiz@example.com,011.44.1343.729268,2016-10-01 00:00:00,615,Stock Clerk
1449,Maya,Reyes,ellis.washington@example.com,650.123.5234,2016-03-17 00:00:00,670,Programmer
1450,Ava,Ford,liam.henderson@example.com,515.123.4567,2016-09-30 00:00:00,724,Sales Representative
1451,Austin,Ramirez,scarlett.gibson@example.com,515.127.4565,2016-03-10 00:00:00,725,Sales Manager
1452,Olivia,Fisher,elsie.henry@example.com,515.123.5555,2016-09-30 00:00:00,843,Shipping Clerk
1453,Emma,Watson,jackson.coleman@example.com,650.123.5234,2016-10-15 00:00:00,640,Sales Representative
1454,Freya,Webb,frederick.price@example.com,650.505.1876,2016-06-25 00:00:00,672,Sales Representative
1455,Elliot,Cruz,emilia.holmes@example.com,650.501.4876,2016-02-12 00:00:00,698,Sales Representative
1456,Sophie,Freeman,harriet.ferguson@example.com,650.121.2994,2016-01-24 00:00:00,632,Stock Clerk
1457,Eliza,Gonzales,grace.ellis@example.com,650.501.2876,2016-06-14 00:00:00,774,Stock Clerk
1458,Lily,Peterson,sonny.russell@example.com,515.123.4568,2016-03-11 00:00:00,703,Shipping Clerk
1459,Ellie,Hayes,bobby.torres@example.com,650.509.3876,2016-08-13 00:00:00,778,Stock Clerk
1460,Willow,Simmons,amelia.myers@example.com,515.123.4444,2016-01-05 00:00:00,914,Shipping Clerk
1461,Chloe,Wells,ronnie.perry@example.com,515.127.4561,2016-06-24 00:00:00,967,Shipping Clerk
1462,Ruby,Fisher,liam.henderson@example.com,650.501.3876,2016-07-14 00:00:00,892,Administration Vice President
1463,Harper,Wallace,ellis.washington@example.com,515.123.5555,2016-08-20 00:00:00,927,Shipping Clerk
1464,Kian,Butler,jude.rivera@example.com,650.123.2234,2016-02-17 00:00:00,623,Sales Representative
1465,Sophia,Diaz,layla.mason@example.com,011.44.1343.829268,2016-08-26 00:00:00,823,Sales Representative
1466,Bella,Morales,ellie.robertson@example.com,650.509.1876,2016-07-01 00:00:00,690,Shipping Clerk
1467,Elliott,Gray,evie.harrison@example.com,011.44.1344.987668,2016-02-06 00:00:00,931,Stock Clerk
1468,Elliott,Price,lilly.daniels@example.com,650.127.1934,2016-11-15 00:00:00,666,Shipping Clerk
1469,Amelie,Bailey,florence.freeman@example.com,650.121.2994,2016-06-14 00:00:00,787,Purchasing Manager
1470,Harriet,Hayes,ellis.washington@example.com,011.44.1343.929268,2016-01-29 00:00:00,912,Stock Clerk
1471,Elliott,Dunn,gabriel.howard@example.com,650.121.2994,2016-08-17 00:00:00,774,Shipping Clerk
1472,Eleanor,Hamilton,emily.hamilton@example.com,650.124.1224,2016-12-12 00:00:00,966,Stock Clerk
1473,Maisie,Russell,holly.shaw@example.com,011.44.1344.429278,2016-01-03 00:00:00,951,Programmer
1474,Chloe,Coleman,holly.shaw@example.com,650.507.9876,2016-08-17 00:00:00,844,Stock Clerk
1475,Leon,Bailey,emily.hamilton@example.com,650.123.2234,2016-01-05 00:00:00,853,Sales Representative
1476,Liam,Hughes,elsie.henry@example.com,515.124.4469,2016-02-23 00:00:00,823,Shipping Clerk
1477,Erin,Coleman,connor.hayes@example.com,650.509.3876,2016-10-01 00:00:00,702,Shipping Clerk
1478,Matilda,Stephens,emma.perkins@example.com,011.44.1644.429263,2016-01-05 00:00:00,903,Shipping Clerk
1479,Emily,Wells,jamie.butler@example.com,650.121.2874,2016-02-23 00:00:00,631,Stock Manager
1480,Liam,Wallace,carter.gonzales@example.com,011.44.1344.987668,2016-07-01 00:00:00,767,Stock Clerk
1481,Maya,Dunn,poppy.jordan@example.com,650.127.1834,2016-06-14 00:00:00,853,Stock Clerk
1482,Aaron,Sanders,isabelle.marshall@example.com,650.127.1734,2016-04-06 00:00:00,789,Purchasing Clerk
1483,Scarlett,Wood,lilly.daniels@example.com,650.127.1634,2016-04-10 00:00:00,671,Stock Clerk
1484,Ava,Dunn,phoebe.murray@example.com,011.44.1644.429265,2016-05-11 00:00:00,913,Shipping Clerk
1485,Elsie,Ortiz,kian.griffin@example.com,011.44.1343.529268,2016-01-30 00:00:00,806,Stock Clerk
1486,Emilia,West,ryan.gray@example.com,011.44.1345.429268,2016-03-17 00:00:00,835,Stock Clerk
1487,Poppy,Powell,eliza.black@example.com,650.509.2876,2016-08-01 00:00:00,704,Shipping Clerk
1488,Sophie,Jenkins,connor.hayes@example.com,650.509.1876,2016-10-17 00:00:00,793,Stock Manager
1489,Ibrahim,Hughes,molly.rice@example.com,011.44.1345.429268,2016-04-23 00:00:00,985,Shipping Clerk
1490,Felix,Ross,olivia.ford@example.com,650.121.2034,2016-10-30 00:00:00,607,Stock Clerk
1491,Aaron,Morales,eva.porter@example.com,650.505.4876,2016-06-07 00:00:00,836,Shipping Clerk
1492,Jamie,Nichols,annabelle.dunn@example.com,650.121.2034,2016-04-10 00:00:00,617,Shipping Clerk
1493,Grace,Perry,ryan.gray@example.com,011.44.1644.429262,2016-01-13 00:00:00,803,Stock Clerk
1494,Alex,Simmons,rosie.morales@example.com,515.127.4562,2016-08-17 00:00:00,636,Shipping Clerk
1495,Frederick,Ellis,isla.graham@example.com,515.123.8181,2016-12-19 00:00:00,614,Sales Representative
1496,Jessica,Wood,summer.payne@example.com,011.44.1343.729268,2016-02-23 00:00:00,984,Stock Clerk
1497,Liam,Wells,eleanor.grant@example.com,590.423.5567,2016-08-20 00:00:00,996,Programmer
1498,Ellis,Hawkins,jackson.coleman@example.com,650.505.3876,2016-08-10 00:00:00,702,Sales Representative
1499,Lilly,Robertson,summer.payne@example.com,650.501.3876,2016-04-06 00:00:00,653,Stock Clerk
1500,Caleb,Jenkins,harper.spencer@example.com,650.507.9811,2016-04-06 00:00:00,829,Stock Clerk
1501,Maya,Alexander,ellie.robertson@example.com,515.123.4567,2016-07-09 00:00:00,814,Shipping Clerk
1502,Caleb,Freeman,elsie.henry@example.com,011.44.1344.498718,2016-02-20 00:00:00,828,Programmer
1503,Lola,Richardson,emily.hamilton@example.com,650.124.1224,2016-01-30 00:00:00,852,Programmer
1504,Callum,Cox,millie.hunter@example.com,590.423.4568,2016-06-14 00:00:00,617,Sales Representative
1505,Maisie,Kelly,harriet.ferguson@example.com,011.44.1345.529268,2016-12-07 00:00:00,923,Stock Clerk
1506,Poppy,Reynolds,harriet.ferguson@example.com,650.509.1876,2016-02-07 00:00:00,733,Sales Representative
1507,Sophie,Holmes,caleb.diaz@example.com,650.124.5234,2016-12-07 00:00:00,935,Stock Clerk
1508,Jamie,Henderson,elsie.henry@example.com,011.44.1644.429264,2016-07-16 00:00:00,859,Sales Representative
1509,Gracie,Griffin,ryan.gray@example.com,650.501.3876,2016-05-24 00:00:00,965,Sales Representative
1510,Felix,Wood,rory.kelly@example.com,515.123.5555,2016-11-11 00:00:00,1000,Stock Manager
1511,Daisy,Mcdonald,bella.stone@example.com,650.123.5234,2016-06-21 00:00:00,715,Finance Manager
1512,Lilly,Jordan,jessica.woods@example.com,011.44.1344.429278,2016-07-18 00:00:00,818,Sales Representative
1513,Mohammad,James,dexter.barnes@example.com,515.127.4561,2016-02-23 00:00:00,675,Purchasing Clerk
1514,Reggie,Simpson,sofia.hicks@example.com,650.507.9877,2016-12-19 00:00:00,762,Shipping Clerk
1515,Bella,Simmons,maya.kennedy@example.com,650.505.4876,2016-02-20 00:00:00,682,Shipping Clerk
1516,Liam,Fisher,jamie.butler@example.com,011.44.1343.329268,2016-12-15 00:00:00,980,Shipping Clerk
1517,Summer,Wells,erin.gordon@example.com,650.127.1634,2016-02-07 00:00:00,946,Shipping Clerk
1518,Eliza,Coleman,jamie.butler@example.com,650.501.1876,2016-08-10 00:00:00,686,Shipping Clerk
1519,Mia,Mills,sonny.russell@example.com,650.509.4876,2016-03-15 00:00:00,753,Programmer
1520,Emma,Freeman,evelyn.tucker@example.com,650.127.1634,2016-01-13 00:00:00,782,Programmer
1521,Reggie,Henderson,lily.fisher@example.com,011.44.1343.629268,2016-02-04 00:00:00,688,Shipping Clerk
1522,Roman,Cole,charlotte.webb@example.com,650.501.4876,2016-06-07 00:00:00,800,Administration Assistant
1523,Ibrahim,Daniels,chloe.cruz@example.com,011.44.1344.987668,2016-03-10 00:00:00,657,Accountant
1524,Imogen,Tucker,kian.griffin@example.com,650.127.1834,2016-03-11 00:00:00,863,Marketing Representative
1525,Jackson,Jenkins,chloe.cruz@example.com,650.501.1876,2016-12-19 00:00:00,704,Shipping Clerk
1526,Eva,Black,louie.richardson@example.com,650.509.4876,2016-01-13 00:00:00,733,Shipping Clerk
1527,Sofia,Russell,charlotte.webb@example.com,011.44.1343.829268,2016-07-24 00:00:00,999,Programmer
1528,Rory,Grant,maisie.nichols@example.com,515.124.4469,2016-03-19 00:00:00,615,Programmer
1529,Eleanor,Butler,felix.bryant@example.com,650.124.1434,2016-02-06 00:00:00,839,Accounting Manager
1530,Alice,Bailey,lucy.crawford@example.com,650.121.8009,2016-03-17 00:00:00,986,Stock Clerk
1531,Connor,Gonzales,poppy.jordan@example.com,011.44.1343.629268,2016-03-19 00:00:00,695,Stock Manager
1532,Elliot,Hunter,charlotte.webb@example.com,650.121.2004,2016-03-07 00:00:00,879,Purchasing Clerk
1533,Freya,Webb,matilda.stevens@example.com,515.123.8888,2016-02-23 00:00:00,766,Stock Clerk
1534,Daisy,Graham,sophie.owens@example.com,515.127.4566,2016-08-13 00:00:00,952,Administration Assistant
1535,Abigail,Butler,lilly.daniels@example.com,011.44.1343.329268,2016-06-25 00:00:00,797,Programmer
1536,Eleanor,Rivera,ronnie.perry@example.com,650.121.1234,2016-02-06 00:00:00,708,Shipping Clerk
1537,Alice,Myers,rory.kelly@example.com,650.124.6234,2016-03-19 00:00:00,865,Marketing Representative
1538,Abigail,Rivera,charles.ward@example.com,515.124.4169,2016-03-08 00:00:00,849,Shipping Clerk
1539,Summer,Shaw,louis.wood@example.com,011.44.1644.429262,2016-05-21 00:00:00,735,Human Resources Representative
1540,Grace,Porter,ryan.gray@example.com,011.44.1644.429265,2016-09-17 00:00:00,759,Marketing Manager
1541,Mia,Gibson,annabelle.dunn@example.com,650.505.3876,2016-02-17 00:00:00,712,Marketing Representative
1542,Maya,Mason,ruby.mcdonald@example.com,011.44.1346.729268,2016-02-07 00:00:00,774,Shipping Clerk
1543,Roman,Hudson,amelia.myers@example.com,650.124.8234,2016-02-12 00:00:00,867,Stock Manager
1544,Ryan,Bryant,eliza.black@example.com,515.127.4562,2016-08-20 00:00:00,812,Programmer
1545,Jamie,Henry,elsie.henry@example.com,515.123.4567,2016-01-14 00:00:00,758,Shipping Clerk
1546,Annabelle,Flores,harriet.ferguson@example.com,650.124.1334,2016-03-07 00:00:00,712,Stock Manager
1547,Isla,Crawford,louie.richardson@example.com,011.44.1344.486508,2016-04-10 00:00:00,859,Sales Manager
1548,Lilly,Grant,isla.graham@example.com,515.124.4269,2016-10-15 00:00:00,786,Sales Manager
1549,Harriet,Grant,grace.ellis@example.com,011.44.1644.429265,2016-08-13 00:00:00,942,Stock Clerk
1550,Charles,Kennedy,lucy.crawford@example.com,011.44.1344.129268,2016-02-04 00:00:00,873,Stock Clerk
1551,Lilly,Hayes,hannah.knight@example.com,515.127.4564,2016-03-15 00:00:00,956,Stock Clerk
1552,Mia,Cox,poppy.jordan@example.com,650.124.8234,2016-02-05 00:00:00,662,Sales Representative
1553,Lucy,Stevens,ivy.burns@example.com,515.123.8080,2016-03-11 00:00:00,842,Shipping Clerk
1554,Albert,Murray,aaron.patterson@example.com,011.44.1344.429268,2016-08-16 00:00:00,716,Sales Representative
1555,Gracie,Murray,nathan.cox@example.com,650.121.2019,2016-04-21 00:00:00,714,Sales Manager
1556,Ella,Woods,amber.rose@example.com,650.507.9876,2016-03-10 00:00:00,722,Stock Manager
1557,Ibrahim,Henderson,imogen.boyd@example.com,011.44.1346.229268,2016-02-06 00:00:00,667,Shipping Clerk
1558,Sophie,Bryant,summer.payne@example.com,650.124.8234,2016-02-07 00:00:00,795,Accountant
1559,Daisy,Washington,lola.ramos@example.com,650.123.1234,2016-02-12 00:00:00,715,Stock Clerk
1560,Alice,Price,amber.rose@example.com,650.505.4876,2016-12-19 00:00:00,885,Public Accountant
1561,Sonny,Gomez,elsie.henry@example.com,650.124.5234,2016-09-28 00:00:00,956,Shipping Clerk
1562,Leon,Knight,lucy.crawford@example.com,011.44.1343.829268,2016-06-07 00:00:00,967,Shipping Clerk
1563,Sofia,Washington,daisy.ortiz@example.com,011.44.1343.829268,2016-03-04 00:00:00,741,Shipping Clerk
1564,Frederick,Howard,daisy.ortiz@example.com,515.124.4169,2016-02-23 00:00:00,918,Stock Clerk
1565,Lily,Dixon,poppy.jordan@example.com,650.124.1214,2016-03-24 00:00:00,758,Sales Representative
1566,Scarlett,Sanders,ellie.robertson@example.com,650.509.4876,2016-06-21 00:00:00,928,Stock Clerk
1567,Roman,Gordon,layla.mason@example.com,650.501.3876,2016-08-20 00:00:00,926,Shipping Clerk
1568,Molly,Wallace,lilly.daniels@example.com,590.423.4567,2016-03-17 00:00:00,716,Stock Clerk
1569,Scarlett,West,ivy.burns@example.com,650.124.8234,2016-11-15 00:00:00,603,Stock Clerk
1570,Daisy,Hunter,roman.hughes@example.com,011.44.1343.929268,2016-01-05 00:00:00,839,Stock Manager
1571,Matilda,Peterson,frederick.price@example.com,650.507.9877,2016-09-17 00:00:00,657,Shipping Clerk
1572,Caleb,Bryant,holly.shaw@example.com,590.423.4567,2016-08-01 00:00:00,780,Shipping Clerk
1573,Austin,Stevens,seth.foster@example.com,515.127.4561,2016-02-16 00:00:00,765,Stock Clerk
1574,Jude,Gardner,carter.gonzales@example.com,650.123.1234,2016-02-04 00:00:00,847,Stock Clerk
1575,Ava,Ward,ellibrooks@example.com,011.44.1344.129268,2016-02-07 00:00:00,945,Shipping Clerk
1576,Hannah,Crawford,liam.henderson@example.com,011.44.1343.529268,2016-04-10 00:00:00,904,Shipping Clerk
1577,Elsie,Hayes,isabelle.marshall@example.com,515.124.4169,2016-02-06 00:00:00,678,Stock Clerk
1578,Ava,Flores,eleanor.grant@example.com,650.121.2034,2016-04-10 00:00:00,782,Stock Manager
1579,Dexter,Wood,scarlett.gibson@example.com,515.127.4564,2016-02-23 00:00:00,627,Shipping Clerk
1580,Ibrahim,Dixon,lola.ramos@example.com,650.507.9879,2016-04-10 00:00:00,759,Shipping Clerk
1581,Sonny,Cox,jude.rivera@example.com,515.123.8181,2016-05-18 00:00:00,774,Sales Representative
1582,Olivia,Woods,louis.wood@example.com,515.123.5555,2016-03-19 00:00:00,975,Sales Representative
1583,Louie,Hayes,elliott.james@example.com,011.44.1346.229268,2016-08-26 00:00:00,948,Stock Clerk
1584,Louie,Ellis,elsie.henry@example.com,650.121.2994,2016-06-14 00:00:00,657,Sales Representative
1585,Emma,Black,elliott.james@example.com,650.121.1234,2016-11-16 00:00:00,812,Administration Vice President
1586,Harper,Foster,summer.payne@example.com,011.44.1346.529268,2016-02-20 00:00:00,923,Sales Representative
1587,Chloe,Bennett,annabelle.dunn@example.com,515.123.8888,2016-03-08 00:00:00,696,Sales Manager
1588,Caleb,Bennett,jackson.coleman@example.com,011.44.1644.429266,2016-01-30 00:00:00,764,Stock Clerk
1589,Lola,Henry,frederick.price@example.com,650.121.2034,2016-03-23 00:00:00,960,Stock Manager
1590,Reggie,Gomez,elliott.james@example.com,650.507.9877,2016-11-15 00:00:00,722,Stock Clerk
1591,Imogen,Robertson,imogen.boyd@example.com,650.124.8234,2016-12-15 00:00:00,803,Shipping Clerk
1592,Ava,Torres,charles.ward@example.com,011.44.1344.467268,2016-07-14 00:00:00,986,Stock Clerk
1593,Gracie,Cox,daisy.ortiz@example.com,011.44.1343.829268,2016-02-06 00:00:00,780,Stock Manager
1594,Ruby,James,alex.sanders@example.com,515.127.4562,2016-07-01 00:00:00,810,Shipping Clerk
1595,Elizabeth,Hudson,lilly.daniels@example.com,650.507.9844,2016-02-07 00:00:00,825,Sales Representative
1596,Isabella,Morales,nathan.cox@example.com,011.44.1346.529268,2016-02-06 00:00:00,977,Sales Representative
1597,Erin,Dixon,louis.wood@example.com,011.44.1344.429278,2016-03-10 00:00:00,953,Shipping Clerk
1598,Albert,Boyd,layla.mason@example.com,011.44.1345.729268,2016-02-17 00:00:00,606,Stock Clerk
1599,Daisy,Grant,emily.hamilton@example.com,515.123.4569,2016-04-10 00:00:00,611,Programmer
